{"name": "recommender-small-complex-I", "training_time": "966 days, 16:17:42.274933", "remark": "Try current best model but complex", "test_error": 0.1593515255956905, "results": {"last_loss": 0.10953733325004578, "last_mae": 0.10953733325004578, "last_mse": 0.021914653480052948, "last_val_loss": 0.154830664396286, "last_val_mae": 0.154830664396286, "last_val_mse": 0.046669572591781616}, "hyperparameter": {"learning_rate": 1e-05, "epoch": 100, "batch_size": 512, "loss_func": "MeanAbsoluteError", "optimizer": "Custom>Adam"}, "data_example": {"influencer": {"id": {"0": 1723, "1": 82, "2": 296, "3": 127, "4": 137}, "insta_follower": {"0": 6018900, "1": 23809950, "2": 3427860, "3": 20207160, "4": 4537980}, "tiktok": {"0": 8078640, "1": 35177250, "2": 5198670, "3": 38229630, "4": 8215080}, "youtube": {"0": 15046770, "1": 44279670, "2": 5264340, "3": 74752350, "4": 13298910}, "categories": {"0": "Category 8,Category 2", "1": "Category 4,Category 2,Category 1,Category 8,Category 6", "2": "Category 6,Category 1,Category 4,Category 5", "3": "Category 7,Category 6", "4": "Category 6,Category 1,Category 4,Category 5"}, "avg_rating": {"0": 9.37, "1": 9.26, "2": 9.25, "3": 9.17, "4": 9.16}, "pricing_LOW": {"0": 0, "1": 0, "2": 0, "3": 0, "4": 0}, "pricing_BELOW_AVG": {"0": 0, "1": 0, "2": 0, "3": 0, "4": 0}, "pricing_AVG": {"0": 1, "1": 1, "2": 1, "3": 1, "4": 1}, "pricing_ABOVE_AVG": {"0": 1, "1": 1, "2": 1, "3": 1, "4": 1}, "pricing_HIGH": {"0": 1, "1": 1, "2": 0, "3": 1, "4": 1}}, "owner": {"id": {"0": 2, "1": 13, "2": 16, "3": 30, "4": 34}, "pricing_LOW": {"0": 0.03302409638554217, "1": 0.05730076335877863, "2": 0.005260700389105059, "3": 0.04445070422535211, "4": 0.0414051724137931}, "pricing_BELOW_AVG": {"0": 0.07167469879518072, "1": 0.1357435114503817, "2": 0.01458365758754864, "3": 0.09998591549295775, "4": 0.10717241379310345}, "pricing_AVG": {"0": 0.7621566265060241, "1": 0.6236030534351145, "2": 0.7963268482490272, "3": 0.646492957746479, "4": 0.6801724137931034}, "pricing_ABOVE_AVG": {"0": 0.5095903614457832, "1": 0.36866564885496184, "2": 0.5849961089494163, "3": 0.41512676056338027, "4": 0.392301724137931}, "pricing_HIGH": {"0": 0.4333012048192771, "1": 0.286430534351145, "2": 0.4897120622568093, "3": 0.33616901408450706, "4": 0.32439655172413795}, "Category 1": {"0": 0.4255421686746988, "1": 0.4171969465648855, "2": 0.4783501945525292, "3": 0.41307042253521126, "4": 0.42674137931034484}, "Category 10": {"0": 0.0017590361445783136, "1": 0.0011297709923664121, "2": 0.004669260700389105, "3": 0.016140845070422537, "4": 0.007137931034482759}, "Category 2": {"0": 0.503987951807229, "1": 0.48345038167938936, "2": 0.5193463035019455, "3": 0.4675070422535211, "4": 0.4496206896551724}, "Category 3": {"0": 0.11318072289156626, "1": 0.07616488549618321, "2": 0.03385214007782101, "3": 0.036323943661971836, "4": 0.07032758620689655}, "Category 4": {"0": 0.4442289156626506, "1": 0.40478778625954204, "2": 0.3425525291828794, "3": 0.183, "4": 0.2918103448275862}, "Category 5": {"0": 0.5110481927710844, "1": 0.5074381679389314, "2": 0.5407003891050584, "3": 0.4546901408450704, "4": 0.30528448275862075}, "Category 6": {"0": 0.15455421686746987, "1": 0.1586381679389313, "2": 0.2098054474708171, "3": 0.18819718309859154, "4": 0.22120689655172415}, "Category 7": {"0": 0.13354216867469879, "1": 0.13467480916030536, "2": 0.15654474708171207, "3": 0.21130985915492959, "4": 0.2712155172413793}, "Category 8": {"0": 0.4305421686746988, "1": 0.4181618320610687, "2": 0.42227237354085606, "3": 0.3282816901408451, "4": 0.44451724137931037}, "Category 9": {"0": 0.016373493975903614, "1": 0.0, "2": 0.0, "3": 0.0, "4": 0.015112068965517242}, "youtube_High": {"0": 0.7511084337349397, "1": 0.5957984732824427, "2": 0.7657431906614786, "3": 0.6261408450704226, "4": 0.6507413793103448}, "youtube_Low": {"0": 0.0, "1": 0.0, "2": 0.0, "3": 0.0, "4": 0.0}, "youtube_Medium": {"0": 0.12828915662650603, "1": 0.2320854961832061, "2": 0.06409338521400779, "3": 0.1619718309859155, "4": 0.18797413793103449}, "tiktok_High": {"0": 0.6947710843373494, "1": 0.5320610687022901, "2": 0.7336498054474708, "3": 0.5713521126760563, "4": 0.6078103448275862}, "tiktok_Low": {"0": 0.0, "1": 0.0011114503816793892, "2": 0.0, "3": 0.0, "4": 0.0}, "tiktok_Medium": {"0": 0.1846265060240964, "1": 0.2947114503816794, "2": 0.09618677042801556, "3": 0.21676056338028168, "4": 0.2309051724137931}, "insta_follower_High": {"0": 0.7576626506024097, "1": 0.6329587786259542, "2": 0.799875486381323, "3": 0.6455070422535212, "4": 0.6896637931034483}, "insta_follower_Medium": {"0": 0.12173493975903615, "1": 0.19492519083969467, "2": 0.029961089494163425, "3": 0.1426056338028169, "4": 0.14905172413793102}}, "history": {"own_id": {"0": 2, "1": 2, "2": 2, "3": 2, "4": 2}, "inf_id": {"0": 12, "1": 13, "2": 14, "3": 15, "4": 16}, "star_rating": {"0": 5, "1": 4, "2": 4, "3": 4, "4": 4}, "sentiment_rating": {"0": 1.0, "1": 0.71, "2": 0.71, "3": 0.69, "4": 0.87}, "combined_rating": {"0": 1.0, "1": 0.764, "2": 0.764, "3": 0.756, "4": 0.8280000000000001}}}, "eval": {"loss": [0.11115694046020508, 0.11120188236236572, 0.1110779196023941, 0.11109345406293869, 0.1109868586063385, 0.11089807748794556, 0.11096072942018509, 0.11099077016115189, 0.11088636517524719, 0.110883429646492, 0.11083043366670609, 0.11089866608381271, 0.11074621975421906, 0.11068841069936752, 0.11078308522701263, 0.11071038246154785, 0.1106225922703743, 0.11065738648176193, 0.1106133908033371, 0.11058121919631958, 0.11051586270332336, 0.11057012528181076, 0.11059919744729996, 0.11050597578287125, 0.11051440238952637, 0.11046191304922104, 0.11050882190465927, 0.11045725643634796, 0.11039544641971588, 0.1103755310177803, 0.11038271337747574, 0.11031117290258408, 0.11036355048418045, 0.11030256748199463, 0.11027931421995163, 0.1101868748664856, 0.11021748930215836, 0.11020077019929886, 0.11022713035345078, 0.11025010794401169, 0.11015009135007858, 0.11017991602420807, 0.11018728464841843, 0.11014431715011597, 0.11009647697210312, 0.1100713238120079, 0.11005482077598572, 0.11008764058351517, 0.11000611633062363, 0.11008628457784653, 0.11002276837825775, 0.11000455170869827, 0.11003807932138443, 0.1100442036986351, 0.10997703671455383, 0.10998056828975677, 0.11000251024961472, 0.10994307696819305, 0.10999304801225662, 0.10988041758537292, 0.10992391407489777, 0.10997527837753296, 0.10990561544895172, 0.10991024971008301, 0.1098129153251648, 0.10982324928045273, 0.10985007137060165, 0.10988807678222656, 0.10974964499473572, 0.10980013757944107, 0.10977032035589218, 0.10983449965715408, 0.10976239293813705, 0.10979552567005157, 0.10975049436092377, 0.10972709953784943, 0.10969382524490356, 0.10970647633075714, 0.1097046360373497, 0.10968398302793503, 0.10962079465389252, 0.10968200862407684, 0.10961797833442688, 0.10968254506587982, 0.10966084897518158, 0.10966725647449493, 0.10958702862262726, 0.10964462161064148, 0.10957439988851547, 0.10965247452259064, 0.10962454229593277, 0.10956083238124847, 0.10957221686840057, 0.10956207662820816, 0.1096307560801506, 0.10955481976270676, 0.10953408479690552, 0.10947325080633163, 0.10951712727546692, 0.10953733325004578],