{"name": "recommender-aggcateg-currentbest-continued", "training_time": "872 days, 23:33:05.565948", "remark": "Try current best model with aggregated category data", "test_error": 0.13772109383166964, "results": {"last_loss": 0.016026021912693977, "last_mae": 0.10231554508209229, "last_mse": 0.016026021912693977, "last_val_loss": 0.02861928753554821, "last_val_mae": 0.13791559636592865, "last_val_mse": 0.02861928753554821}, "hyperparameter": {"learning_rate": 1e-05, "epoch": 100, "batch_size": 512, "loss_func": "MeanSquaredError", "optimizer": "Custom>Adam"}, "data_distribution": {"positive": 358181, "negative": 51531, "training_pos": 322362, "training_neg": 25765}, "data_example": {"influencer": {"id": {"0": 1723, "1": 82, "2": 296, "3": 127, "4": 137}, "insta_follower": {"0": "HIGH", "1": "HIGH", "2": "HIGH", "3": "HIGH", "4": "HIGH"}, "tiktok": {"0": "HIGH", "1": "HIGH", "2": "HIGH", "3": "HIGH", "4": "HIGH"}, "youtube": {"0": "HIGH", "1": "HIGH", "2": "HIGH", "3": "HIGH", "4": "HIGH"}, "categories": {"0": "Drama,Romance,School,Supernatural", "1": "Action,Adventure,Drama,Fantasy,Shounen", "2": "Action,Comedy,Sci-Fi,Shounen", "3": "Sci-Fi", "4": "Action,Comedy,Sci-Fi,Shounen"}, "price_category": {"0": "HIGH", "1": "HIGH", "2": "HIGH", "3": "HIGH", "4": "HIGH"}, "avg_rating": {"0": 5.0, "1": 4.940298507, "2": 4.934871099, "3": 4.891451832, "4": 4.886024423}}, "owner": {"id": {"0": 1, "1": 2, "2": 3, "3": 4, "4": 5}, "price_category_HIGH": {"0": 0.545, "1": 0.4623343465045593, "2": 0.585529411764706, "3": 0.7099512195121951, "4": 0.6174090909090909}, "price_category_LOW": {"0": 0.0, "1": 0.03248632218844985, "2": 0.0, "3": 0.0, "4": 0.0}, "price_category_MEDIUM": {"0": 0.2955, "1": 0.3828693009118541, "2": 0.29717647058823526, "3": 0.11482926829268293, "4": 0.19799999999999998}, "Action": {"0": 0.30900000000000005, "1": 0.3767294832826748, "2": 0.26235294117647057, "3": 0.6266341463414634, "4": 0.2854090909090909}, "Adventure": {"0": 0.0, "1": 0.18511854103343467, "2": 0.22047058823529414, "3": 0.2646829268292683, "4": 0.14181818181818182}, "Comedy": {"0": 0.37450000000000006, "1": 0.41730091185410334, "2": 0.5304705882352941, "3": 0.38995121951219514, "4": 0.4345909090909091}, "Drama": {"0": 0.5415, "1": 0.20017021276595742, "2": 0.24647058823529414, "3": 0.13580487804878047, "4": 0.21990909090909092}, "Fantasy": {"0": 0.21600000000000003, "1": 0.2516231003039514, "2": 0.23976470588235296, "3": 0.3269268292682927, "4": 0.17700000000000002}, "Romance": {"0": 0.4345, "1": 0.2527537993920973, "2": 0.25470588235294117, "3": 0.30624390243902444, "4": 0.2242727272727273}, "School": {"0": 0.406, "1": 0.20773252279635257, "2": 0.1983529411764706, "3": 0.09551219512195123, "4": 0.265}, "Sci-Fi": {"0": 0.0, "1": 0.11555015197568388, "2": 0.10552941176470589, "3": 0.18370731707317073, "4": 0.12168181818181818}, "Shounen": {"0": 0.0, "1": 0.28896048632218846, "2": 0.15400000000000003, "3": 0.31258536585365854, "4": 0.1356818181818182}, "Supernatural": {"0": 0.4405, "1": 0.24667477203647417, "2": 0.19070588235294117, "3": 0.38321951219512196, "4": 0.2726818181818182}, "youtube_HIGH": {"0": 0.8405, "1": 0.7820182370820669, "2": 0.8311764705882353, "3": 0.8056585365853659, "4": 0.8066818181818182}, "youtube_LOW": {"0": 0.0, "1": 0.0, "2": 0.0, "3": 0.0, "4": 0.0}, "youtube_MEDIUM": {"0": 0.0, "1": 0.09567173252279634, "2": 0.05152941176470588, "3": 0.019121951219512195, "4": 0.008727272727272728}, "tiktok_HIGH": {"0": 0.8405, "1": 0.8096170212765956, "2": 0.8827058823529412, "3": 0.8056585365853659, "4": 0.8066818181818182}, "tiktok_LOW": {"0": 0.0, "1": 0.0, "2": 0.0, "3": 0.0, "4": 0.0}, "tiktok_MEDIUM": {"0": 0.0, "1": 0.06807294832826748, "2": 0.0, "3": 0.019121951219512195, "4": 0.008727272727272728}, "insta_follower_HIGH": {"0": 0.8405, "1": 0.5805106382978723, "2": 0.6100000000000001, "3": 0.8056585365853659, "4": 0.7364999999999999}, "insta_follower_LOW": {"0": 0.0, "1": 0.0, "2": 0.0, "3": 0.0, "4": 0.0}, "insta_follower_MEDIUM": {"0": 0.0, "1": 0.2971793313069909, "2": 0.2727058823529412, "3": 0.019121951219512195, "4": 0.07890909090909091}}, "history": {"own_id": {"0": 1, "1": 1, "2": 1, "3": 1, "4": 1}, "inf_id": {"0": 1, "1": 3, "2": 5, "3": 6, "4": 7}, "combined_rating": {"0": 0.808, "1": 0.5840000000000001, "2": 0.972, "3": 1.0, "4": 0.776}}}, "eval": {"loss": [0.016731422394514084, 0.01769247278571129, 0.017439428716897964, 0.01742478646337986, 0.01738317497074604, 0.017386410385370255, 0.017373718321323395, 0.017320720478892326, 0.01729319430887699, 0.017291415482759476, 0.017262209206819534, 0.017247527837753296, 0.01724332757294178, 0.01720825396478176, 0.017215365543961525, 0.017183875665068626, 0.017160240560770035, 0.01711467280983925, 0.017104748636484146, 0.01710028387606144, 0.017090611159801483, 0.017079953104257584, 0.01705656200647354, 0.017030922695994377, 0.01703241840004921, 0.016971787437796593, 0.016970420256257057, 0.016945762559771538, 0.016951240599155426, 0.01695121079683304, 0.016909612342715263, 0.016923269256949425, 0.016896314918994904, 0.016875073313713074, 0.016860557720065117, 0.016834428533911705, 0.016854261979460716, 0.01678776741027832, 0.01681644842028618, 0.016784468665719032, 0.016769642010331154, 0.016766320914030075, 0.016714204102754593, 0.01673259772360325, 0.01672247424721718, 0.016672050580382347, 0.016661453992128372, 0.01665177196264267, 0.01666516810655594, 0.01666814461350441, 0.016625382006168365, 0.01660383678972721, 0.01660396158695221, 0.016581468284130096, 0.016595508903265, 0.01657543145120144, 0.016533520072698593, 0.016528664156794548, 0.016540618613362312, 0.01651337556540966, 0.016501300036907196, 0.016477977856993675, 0.016465269029140472, 0.016447441652417183, 0.016443362459540367, 0.016437601298093796, 0.0164092555642128, 0.016381431370973587, 0.01640447787940502, 0.016372457146644592, 0.016346978023648262, 0.016362184658646584, 0.016352392733097076, 0.016315847635269165, 0.016310397535562515, 0.016293969005346298, 0.016318269073963165, 0.01630902849137783, 0.01625894010066986, 0.01627628318965435, 0.016233056783676147, 0.0162330474704504, 0.016220822930336, 0.016219330951571465, 0.01620568335056305, 0.01620924472808838, 0.016151200979948044, 0.016146162524819374, 0.01614459790289402, 0.016159307211637497, 0.016126146540045738, 0.016141219064593315, 0.01615026593208313, 0.016103874891996384, 0.016086434945464134, 0.01607397571206093, 0.016063673421740532, 0.016026150435209274, 0.01604187861084938, 0.016026021912693977],