{"name": "recommender-avgrating-currentbest", "training_time": "674 days, 4:20:53.375244", "remark": "Try current best with 512 batch and average rating", "test_error": 0.17271349235862973, "results": {"last_loss": 0.014454642310738564, "last_mae": 0.09760574251413345, "last_mse": 0.014454642310738564, "last_val_loss": 0.0467318631708622, "last_val_mae": 0.1797558218240738, "last_val_mse": 0.0467318631708622}, "hyperparameter": {"learning_rate": 1e-05, "epoch": 100, "batch_size": 512, "loss_func": "MeanSquaredError", "optimizer": "Custom>Adam"}, "data_distribution": {"positive": 358181, "negative": 51531, "training_pos": 322362, "training_neg": 25765}, "data_example": {"influencer": {"id": {"0": 1723, "1": 82, "2": 296, "3": 127, "4": 137}, "insta_follower": {"0": "HIGH", "1": "HIGH", "2": "HIGH", "3": "HIGH", "4": "HIGH"}, "tiktok": {"0": "HIGH", "1": "HIGH", "2": "HIGH", "3": "HIGH", "4": "HIGH"}, "youtube": {"0": "HIGH", "1": "HIGH", "2": "HIGH", "3": "HIGH", "4": "HIGH"}, "categories": {"0": "Drama,Romance,School,Supernatural", "1": "Action,Adventure,Drama,Fantasy,Shounen", "2": "Action,Comedy,Sci-Fi,Shounen", "3": "Sci-Fi", "4": "Action,Comedy,Sci-Fi,Shounen"}, "price_category": {"0": "HIGH", "1": "HIGH", "2": "HIGH", "3": "HIGH", "4": "HIGH"}, "avg_rating": {"0": 5.0, "1": 4.940298507, "2": 4.934871099, "3": 4.891451832, "4": 4.886024423}}, "owner": {"id": {"0": 1, "1": 2, "2": 3, "3": 4, "4": 5}, "price_category_HIGH": {"0": 0.545, "1": 0.4623343465045593, "2": 0.585529411764706, "3": 0.7099512195121951, "4": 0.6174090909090909}, "price_category_LOW": {"0": 0.0, "1": 0.03248632218844985, "2": 0.0, "3": 0.0, "4": 0.0}, "price_category_MEDIUM": {"0": 0.2955, "1": 0.3828693009118541, "2": 0.29717647058823526, "3": 0.11482926829268293, "4": 0.19799999999999998}, "Action": {"0": 0.30900000000000005, "1": 0.3767294832826748, "2": 0.26235294117647057, "3": 0.6266341463414634, "4": 0.2854090909090909}, "Adventure": {"0": 0.0, "1": 0.18511854103343467, "2": 0.22047058823529414, "3": 0.2646829268292683, "4": 0.14181818181818182}, "Comedy": {"0": 0.37450000000000006, "1": 0.41730091185410334, "2": 0.5304705882352941, "3": 0.38995121951219514, "4": 0.4345909090909091}, "Drama": {"0": 0.5415, "1": 0.20017021276595742, "2": 0.24647058823529414, "3": 0.13580487804878047, "4": 0.21990909090909092}, "Fantasy": {"0": 0.21600000000000003, "1": 0.2516231003039514, "2": 0.23976470588235296, "3": 0.3269268292682927, "4": 0.17700000000000002}, "Romance": {"0": 0.4345, "1": 0.2527537993920973, "2": 0.25470588235294117, "3": 0.30624390243902444, "4": 0.2242727272727273}, "School": {"0": 0.406, "1": 0.20773252279635257, "2": 0.1983529411764706, "3": 0.09551219512195123, "4": 0.265}, "Sci-Fi": {"0": 0.0, "1": 0.11555015197568388, "2": 0.10552941176470589, "3": 0.18370731707317073, "4": 0.12168181818181818}, "Shounen": {"0": 0.0, "1": 0.28896048632218846, "2": 0.15400000000000003, "3": 0.31258536585365854, "4": 0.1356818181818182}, "Supernatural": {"0": 0.4405, "1": 0.24667477203647417, "2": 0.19070588235294117, "3": 0.38321951219512196, "4": 0.2726818181818182}, "youtube_HIGH": {"0": 0.8405, "1": 0.7820182370820669, "2": 0.8311764705882353, "3": 0.8056585365853659, "4": 0.8066818181818182}, "youtube_LOW": {"0": 0.0, "1": 0.0, "2": 0.0, "3": 0.0, "4": 0.0}, "youtube_MEDIUM": {"0": 0.0, "1": 0.09567173252279634, "2": 0.05152941176470588, "3": 0.019121951219512195, "4": 0.008727272727272728}, "tiktok_HIGH": {"0": 0.8405, "1": 0.8096170212765956, "2": 0.8827058823529412, "3": 0.8056585365853659, "4": 0.8066818181818182}, "tiktok_LOW": {"0": 0.0, "1": 0.0, "2": 0.0, "3": 0.0, "4": 0.0}, "tiktok_MEDIUM": {"0": 0.0, "1": 0.06807294832826748, "2": 0.0, "3": 0.019121951219512195, "4": 0.008727272727272728}, "insta_follower_HIGH": {"0": 0.8405, "1": 0.5805106382978723, "2": 0.6100000000000001, "3": 0.8056585365853659, "4": 0.7364999999999999}, "insta_follower_LOW": {"0": 0.0, "1": 0.0, "2": 0.0, "3": 0.0, "4": 0.0}, "insta_follower_MEDIUM": {"0": 0.0, "1": 0.2971793313069909, "2": 0.2727058823529412, "3": 0.019121951219512195, "4": 0.07890909090909091}}, "history": {"own_id": {"0": 1, "1": 1, "2": 1, "3": 1, "4": 1}, "inf_id": {"0": 1, "1": 3, "2": 5, "3": 6, "4": 7}, "combined_rating": {"0": 0.808, "1": 0.5840000000000001, "2": 0.972, "3": 1.0, "4": 0.776}}}, "eval": {"loss": [0.1591414511203766, 0.023355385288596153, 0.02035108581185341, 0.019634347409009933, 0.019287995994091034, 0.01903187669813633, 0.018818754702806473, 0.018683219328522682, 0.01850837841629982, 0.018413294106721878, 0.01831594482064247, 0.018210100010037422, 0.018156230449676514, 0.01810958981513977, 0.0180062185972929, 0.018007658421993256, 0.017952606081962585, 0.01789742521941662, 0.017853032797574997, 0.017791952937841415, 0.01775449700653553, 0.01768786832690239, 0.01764977164566517, 0.017583772540092468, 0.01750330440700054, 0.017451172694563866, 0.017363350838422775, 0.01725921221077442, 0.017180584371089935, 0.017048081383109093, 0.016952168196439743, 0.01683707721531391, 0.016725720837712288, 0.016627665609121323, 0.01651197113096714, 0.01640051230788231, 0.016321325674653053, 0.01622038334608078, 0.016157032921910286, 0.016113074496388435, 0.016026202589273453, 0.015975333750247955, 0.01589226722717285, 0.01585872285068035, 0.015819694846868515, 0.01578502543270588, 0.01571713015437126, 0.015658611431717873, 0.015635602176189423, 0.015592789277434349, 0.015573040582239628, 0.015531986951828003, 0.015503548085689545, 0.015447841957211494, 0.01540557760745287, 0.015403619036078453, 0.015360125340521336, 0.015317711979150772, 0.015297572128474712, 0.015263237059116364, 0.015251165255904198, 0.015225487761199474, 0.01518978737294674, 0.015185593627393246, 0.01512937992811203, 0.01511643547564745, 0.015078316442668438, 0.01504453457891941, 0.015034550800919533, 0.015000909566879272, 0.01495449524372816, 0.014963950030505657, 0.01491303276270628, 0.014915108680725098, 0.01491242740303278, 0.014904907904565334, 0.014854872599244118, 0.014862187206745148, 0.014804641716182232, 0.014780936762690544, 0.014774490147829056, 0.014738010242581367, 0.014745987020432949, 0.014731940813362598, 0.014681280590593815, 0.014703457243740559, 0.014664527028799057, 0.014656627550721169, 0.01461423933506012, 0.01458926871418953, 0.014597971923649311, 0.014592766761779785, 0.014566217549145222, 0.014538193121552467, 0.01451953873038292, 0.014511740766465664, 0.01446484588086605, 0.014487538486719131, 0.014455506578087807, 0.014454642310738564],