{"name": "recommender-small-better-distribution-I-I", "training_time": "385 days, 12:48:29.639740", "remark": "Try current best model with smaller data", "test_error": 0.1524672401543462, "results": {"last_loss": 0.10483478009700775, "last_mae": 0.10483478009700775, "last_mse": 0.018319180235266685, "last_val_loss": 0.13855157792568207, "last_val_mae": 0.13855157792568207, "last_val_mse": 0.032392144203186035}, "hyperparameter": {"learning_rate": 1e-05, "epoch": 100, "batch_size": 512, "loss_func": "MeanAbsoluteError", "optimizer": "Custom>Adam"}, "data_example": {"influencer": {"id": {"0": 1723, "1": 82, "2": 296, "3": 127, "4": 137}, "insta_follower": {"0": 6018900, "1": 23809950, "2": 3427860, "3": 20207160, "4": 4537980}, "tiktok": {"0": 8078640, "1": 35177250, "2": 5198670, "3": 38229630, "4": 8215080}, "youtube": {"0": 15046770, "1": 44279670, "2": 5264340, "3": 74752350, "4": 13298910}, "categories": {"0": "Category 8,Category 2", "1": "Category 4,Category 2,Category 1,Category 8,Category 6", "2": "Category 6,Category 1,Category 4,Category 5", "3": "Category 7,Category 6", "4": "Category 6,Category 1,Category 4,Category 5"}, "avg_rating": {"0": 9.37, "1": 9.26, "2": 9.25, "3": 9.17, "4": 9.16}, "pricing_LOW": {"0": 0, "1": 0, "2": 0, "3": 0, "4": 0}, "pricing_BELOW_AVG": {"0": 0, "1": 0, "2": 0, "3": 0, "4": 0}, "pricing_AVG": {"0": 1, "1": 1, "2": 1, "3": 1, "4": 1}, "pricing_ABOVE_AVG": {"0": 1, "1": 1, "2": 1, "3": 1, "4": 1}, "pricing_HIGH": {"0": 1, "1": 1, "2": 0, "3": 1, "4": 1}}, "owner": {"id": {"0": 2, "1": 13, "2": 16, "3": 30, "4": 34}, "pricing_LOW": {"0": 0.03284638554216867, "1": 0.05674045801526718, "2": 0.0052140077821011665, "3": 0.04411971830985916, "4": 0.04119612068965517}, "pricing_BELOW_AVG": {"0": 0.07137048192771084, "1": 0.1347175572519084, "2": 0.01453307392996109, "3": 0.09927816901408451, "4": 0.10637931034482759}, "pricing_AVG": {"0": 0.7579668674698795, "1": 0.6196564885496183, "2": 0.7903501945525292, "3": 0.642975352112676, "4": 0.6767241379310345}, "pricing_ABOVE_AVG": {"0": 0.506867469879518, "1": 0.36632824427480914, "2": 0.5806614785992218, "3": 0.41274647887323945, "4": 0.39048491379310346}, "pricing_HIGH": {"0": 0.4310843373493976, "1": 0.2846793893129771, "2": 0.4860700389105058, "3": 0.3342957746478873, "4": 0.3228448275862069}, "Category 1": {"0": 0.42304216867469874, "1": 0.4143206106870229, "2": 0.47498054474708173, "3": 0.41070422535211265, "4": 0.4245905172413793}, "Category 10": {"0": 0.0017469879518072291, "1": 0.0011068702290076336, "2": 0.004669260700389105, "3": 0.015950704225352115, "4": 0.007090517241379311}, "Category 2": {"0": 0.5015210843373494, "1": 0.4802671755725191, "2": 0.5157198443579766, "3": 0.4648415492957747, "4": 0.4470474137931035}, "Category 3": {"0": 0.11271084337349398, "1": 0.0754351145038168, "2": 0.03336575875486382, "3": 0.036073943661971836, "4": 0.07002155172413793}, "Category 4": {"0": 0.44218373493975904, "1": 0.4021679389312977, "2": 0.3404474708171206, "3": 0.18191901408450703, "4": 0.29062499999999997}, "Category 5": {"0": 0.508237951807229, "1": 0.5042213740458015, "2": 0.5367704280155642, "3": 0.45198943661971835, "4": 0.30391163793103454}, "Category 6": {"0": 0.1538855421686747, "1": 0.1574580152671756, "2": 0.20817120622568094, "3": 0.1871830985915493, "4": 0.21982758620689655}, "Category 7": {"0": 0.13259036144578315, "1": 0.13376335877862594, "2": 0.15521400778210118, "3": 0.20991197183098592, "4": 0.2697306034482759}, "Category 8": {"0": 0.42823795180722896, "1": 0.4156793893129771, "2": 0.41947470817120625, "3": 0.32672535211267606, "4": 0.4421767241379311}, "Category 9": {"0": 0.01625, "1": 0.0, "2": 0.0, "3": 0.0, "4": 0.015010775862068965}, "youtube_High": {"0": 0.7470180722891566, "1": 0.5920763358778626, "2": 0.7600972762645914, "3": 0.6228169014084507, "4": 0.6474784482758621}, "youtube_Low": {"0": 0.0, "1": 0.0, "2": 0.0, "3": 0.0, "4": 0.0}, "youtube_Medium": {"0": 0.1278313253012048, "1": 0.2302595419847328, "2": 0.06357976653696498, "3": 0.16073943661971832, "4": 0.18658405172413794}, "tiktok_High": {"0": 0.6910542168674699, "1": 0.5288167938931297, "2": 0.7281517509727626, "3": 0.5682394366197183, "4": 0.6046982758620689}, "tiktok_Low": {"0": 0.0, "1": 0.001083969465648855, "2": 0.0, "3": 0.0, "4": 0.0}, "tiktok_Medium": {"0": 0.18379518072289158, "1": 0.2924351145038168, "2": 0.09552529182879378, "3": 0.2153169014084507, "4": 0.22936422413793103}, "insta_follower_High": {"0": 0.7535542168674699, "1": 0.6289083969465649, "2": 0.7938132295719844, "3": 0.641919014084507, "4": 0.6861099137931035}, "insta_follower_Medium": {"0": 0.12129518072289158, "1": 0.19342748091603054, "2": 0.029863813229571986, "3": 0.14163732394366196, "4": 0.14795258620689655}}, "history": {"own_id": {"0": 2, "1": 2, "2": 2, "3": 2, "4": 2}, "inf_id": {"0": 12, "1": 13, "2": 14, "3": 15, "4": 16}, "star_rating": {"0": 5, "1": 4, "2": 4, "3": 4, "4": 4}, "sentiment_rating": {"0": 1.0, "1": 0.71, "2": 0.71, "3": 0.69, "4": 0.87}, "combined_rating": {"0": 1.0, "1": 0.755, "2": 0.755, "3": 0.745, "4": 0.835}}}, "eval": {"loss": [0.10704036056995392, 0.1071736142039299, 0.10710292309522629, 0.10708809643983841, 0.10705217719078064, 0.10693899542093277, 0.10697529464960098, 0.10697933286428452, 0.10686849802732468, 0.10690122097730637, 0.10685128718614578, 0.1067812442779541, 0.10690365731716156, 0.10667713731527328, 0.10675814002752304, 0.1066322848200798, 0.10654167085886002, 0.10661923140287399, 0.10665512084960938, 0.10644477605819702, 0.10650303214788437, 0.10651995241641998, 0.10640125721693039, 0.10641792416572571, 0.10637558251619339, 0.10636930167675018, 0.10630040615797043, 0.10628039389848709, 0.10617367923259735, 0.1061912328004837, 0.10611854493618011, 0.10603322833776474, 0.10618285089731216, 0.10601874440908432, 0.10620097070932388, 0.1060628816485405, 0.1060643196105957, 0.1058632954955101, 0.1059442013502121, 0.10591482371091843, 0.10605701804161072, 0.10591953992843628, 0.10582276433706284, 0.105820432305336, 0.10578981041908264, 0.10582698881626129, 0.10569407045841217, 0.10565304011106491, 0.10557685792446136, 0.10566090047359467, 0.10575923323631287, 0.10574880987405777, 0.10548863559961319, 0.10559400171041489, 0.10548833757638931, 0.10535962879657745, 0.10540899634361267, 0.10544171184301376, 0.10529650002717972, 0.10549956560134888, 0.10546542704105377, 0.10529550164937973, 0.10541252046823502, 0.10540282726287842, 0.10543236136436462, 0.10520016402006149, 0.10532591491937637, 0.10522334277629852, 0.10533302277326584, 0.10525938123464584, 0.10530894249677658, 0.10525619983673096, 0.10514041036367416, 0.10519115626811981, 0.10514678806066513, 0.10507495701313019, 0.10507874190807343, 0.10500016808509827, 0.10505864024162292, 0.10521963238716125, 0.10509824007749557, 0.10505461692810059, 0.10489935427904129, 0.10500350594520569, 0.10491499304771423, 0.10499951243400574, 0.10485000163316727, 0.10481467097997665, 0.1049291118979454, 0.10488882660865784, 0.10485783219337463, 0.10475767403841019, 0.10481990873813629, 0.10482195019721985, 0.10481017827987671, 0.10471334308385849, 0.10467022657394409, 0.10469913482666016, 0.10471955686807632, 0.10483478009700775],