{"name": "recommender-small-better-distribution-I", "training_time": "370 days, 16:02:50.075226", "remark": "Try current best model with smaller data", "test_error": 0.15218804449570908, "results": {"last_loss": 0.10732757300138474, "last_mae": 0.10732757300138474, "last_mse": 0.019286343827843666, "last_val_loss": 0.1419057548046112, "last_val_mae": 0.1419057548046112, "last_val_mse": 0.03294158726930618}, "hyperparameter": {"learning_rate": 1e-05, "epoch": 100, "batch_size": 512, "loss_func": "MeanAbsoluteError", "optimizer": "Custom>Adam"}, "data_example": {"influencer": {"id": {"0": 1723, "1": 82, "2": 296, "3": 127, "4": 137}, "insta_follower": {"0": 6018900, "1": 23809950, "2": 3427860, "3": 20207160, "4": 4537980}, "tiktok": {"0": 8078640, "1": 35177250, "2": 5198670, "3": 38229630, "4": 8215080}, "youtube": {"0": 15046770, "1": 44279670, "2": 5264340, "3": 74752350, "4": 13298910}, "categories": {"0": "Category 8,Category 2", "1": "Category 4,Category 2,Category 1,Category 8,Category 6", "2": "Category 6,Category 1,Category 4,Category 5", "3": "Category 7,Category 6", "4": "Category 6,Category 1,Category 4,Category 5"}, "avg_rating": {"0": 9.37, "1": 9.26, "2": 9.25, "3": 9.17, "4": 9.16}, "pricing_LOW": {"0": 0, "1": 0, "2": 0, "3": 0, "4": 0}, "pricing_BELOW_AVG": {"0": 0, "1": 0, "2": 0, "3": 0, "4": 0}, "pricing_AVG": {"0": 1, "1": 1, "2": 1, "3": 1, "4": 1}, "pricing_ABOVE_AVG": {"0": 1, "1": 1, "2": 1, "3": 1, "4": 1}, "pricing_HIGH": {"0": 1, "1": 1, "2": 0, "3": 1, "4": 1}}, "owner": {"id": {"0": 2, "1": 13, "2": 16, "3": 30, "4": 34}, "pricing_LOW": {"0": 0.03284638554216867, "1": 0.05674045801526718, "2": 0.0052140077821011665, "3": 0.04411971830985916, "4": 0.04119612068965517}, "pricing_BELOW_AVG": {"0": 0.07137048192771084, "1": 0.1347175572519084, "2": 0.01453307392996109, "3": 0.09927816901408451, "4": 0.10637931034482759}, "pricing_AVG": {"0": 0.7579668674698795, "1": 0.6196564885496183, "2": 0.7903501945525292, "3": 0.642975352112676, "4": 0.6767241379310345}, "pricing_ABOVE_AVG": {"0": 0.506867469879518, "1": 0.36632824427480914, "2": 0.5806614785992218, "3": 0.41274647887323945, "4": 0.39048491379310346}, "pricing_HIGH": {"0": 0.4310843373493976, "1": 0.2846793893129771, "2": 0.4860700389105058, "3": 0.3342957746478873, "4": 0.3228448275862069}, "Category 1": {"0": 0.42304216867469874, "1": 0.4143206106870229, "2": 0.47498054474708173, "3": 0.41070422535211265, "4": 0.4245905172413793}, "Category 10": {"0": 0.0017469879518072291, "1": 0.0011068702290076336, "2": 0.004669260700389105, "3": 0.015950704225352115, "4": 0.007090517241379311}, "Category 2": {"0": 0.5015210843373494, "1": 0.4802671755725191, "2": 0.5157198443579766, "3": 0.4648415492957747, "4": 0.4470474137931035}, "Category 3": {"0": 0.11271084337349398, "1": 0.0754351145038168, "2": 0.03336575875486382, "3": 0.036073943661971836, "4": 0.07002155172413793}, "Category 4": {"0": 0.44218373493975904, "1": 0.4021679389312977, "2": 0.3404474708171206, "3": 0.18191901408450703, "4": 0.29062499999999997}, "Category 5": {"0": 0.508237951807229, "1": 0.5042213740458015, "2": 0.5367704280155642, "3": 0.45198943661971835, "4": 0.30391163793103454}, "Category 6": {"0": 0.1538855421686747, "1": 0.1574580152671756, "2": 0.20817120622568094, "3": 0.1871830985915493, "4": 0.21982758620689655}, "Category 7": {"0": 0.13259036144578315, "1": 0.13376335877862594, "2": 0.15521400778210118, "3": 0.20991197183098592, "4": 0.2697306034482759}, "Category 8": {"0": 0.42823795180722896, "1": 0.4156793893129771, "2": 0.41947470817120625, "3": 0.32672535211267606, "4": 0.4421767241379311}, "Category 9": {"0": 0.01625, "1": 0.0, "2": 0.0, "3": 0.0, "4": 0.015010775862068965}, "youtube_High": {"0": 0.7470180722891566, "1": 0.5920763358778626, "2": 0.7600972762645914, "3": 0.6228169014084507, "4": 0.6474784482758621}, "youtube_Low": {"0": 0.0, "1": 0.0, "2": 0.0, "3": 0.0, "4": 0.0}, "youtube_Medium": {"0": 0.1278313253012048, "1": 0.2302595419847328, "2": 0.06357976653696498, "3": 0.16073943661971832, "4": 0.18658405172413794}, "tiktok_High": {"0": 0.6910542168674699, "1": 0.5288167938931297, "2": 0.7281517509727626, "3": 0.5682394366197183, "4": 0.6046982758620689}, "tiktok_Low": {"0": 0.0, "1": 0.001083969465648855, "2": 0.0, "3": 0.0, "4": 0.0}, "tiktok_Medium": {"0": 0.18379518072289158, "1": 0.2924351145038168, "2": 0.09552529182879378, "3": 0.2153169014084507, "4": 0.22936422413793103}, "insta_follower_High": {"0": 0.7535542168674699, "1": 0.6289083969465649, "2": 0.7938132295719844, "3": 0.641919014084507, "4": 0.6861099137931035}, "insta_follower_Medium": {"0": 0.12129518072289158, "1": 0.19342748091603054, "2": 0.029863813229571986, "3": 0.14163732394366196, "4": 0.14795258620689655}}, "history": {"own_id": {"0": 2, "1": 2, "2": 2, "3": 2, "4": 2}, "inf_id": {"0": 12, "1": 13, "2": 14, "3": 15, "4": 16}, "star_rating": {"0": 5, "1": 4, "2": 4, "3": 4, "4": 4}, "sentiment_rating": {"0": 1.0, "1": 0.71, "2": 0.71, "3": 0.69, "4": 0.87}, "combined_rating": {"0": 1.0, "1": 0.755, "2": 0.755, "3": 0.745, "4": 0.835}}}, "eval": {"loss": [0.11202996969223022, 0.1119827926158905, 0.11189930886030197, 0.1118721291422844, 0.11175364255905151, 0.11177454143762589, 0.11170724779367447, 0.11165717244148254, 0.11165815591812134, 0.11155974864959717, 0.11157660186290741, 0.1114255040884018, 0.11143670231103897, 0.11133825033903122, 0.11127053946256638, 0.11124720424413681, 0.11119649559259415, 0.11112173646688461, 0.11114680767059326, 0.11111943423748016, 0.1109897643327713, 0.11095918715000153, 0.11092504858970642, 0.11083443462848663, 0.11077325791120529, 0.11068643629550934, 0.11064892262220383, 0.1106564849615097, 0.11054830998182297, 0.11059961467981339, 0.11049046367406845, 0.11036965996026993, 0.11033140867948532, 0.11032833158969879, 0.11021073907613754, 0.11028451472520828, 0.11014310270547867, 0.10998678207397461, 0.11008985340595245, 0.10994845628738403, 0.10990282148122787, 0.10982853174209595, 0.10976801067590714, 0.10987062007188797, 0.10972349345684052, 0.1096973866224289, 0.10962909460067749, 0.10965081304311752, 0.10947894304990768, 0.10949181020259857, 0.1094021201133728, 0.10934193432331085, 0.109208844602108, 0.10926372557878494, 0.10915973782539368, 0.10920002311468124, 0.1090967133641243, 0.1090025007724762, 0.10897114872932434, 0.10886650532484055, 0.10886061191558838, 0.10889219492673874, 0.10879570990800858, 0.10879651457071304, 0.10878051072359085, 0.10849267989397049, 0.10868880897760391, 0.10862798988819122, 0.10848094522953033, 0.10846664011478424, 0.10846588015556335, 0.10834082216024399, 0.10822205245494843, 0.10846871882677078, 0.10821658372879028, 0.10813982784748077, 0.10806536674499512, 0.10802518576383591, 0.10809185355901718, 0.10808258503675461, 0.10796711593866348, 0.10796958208084106, 0.10783640295267105, 0.10777884721755981, 0.10773665457963943, 0.10786377638578415, 0.1078021377325058, 0.10758768022060394, 0.10772646963596344, 0.107536680996418, 0.10751868784427643, 0.1075672134757042, 0.10756438970565796, 0.10737506300210953, 0.10732388496398926, 0.10728979110717773, 0.10743404924869537, 0.10727287083864212, 0.1073770746588707, 0.10732757300138474],