{"name": "recommender-categorizedfoll-256batch-currentbest", "training_time": "1484 days, 10:17:29.832916", "remark": "Try current best with 256 batch and categorized follower", "test_error": 0.17333254870660292, "results": {"last_loss": 0.015622345730662346, "last_mae": 0.10230329632759094, "last_mse": 0.015622345730662346, "last_val_loss": 0.05085638910531998, "last_val_mae": 0.18853047490119934, "last_val_mse": 0.05085638910531998}, "hyperparameter": {"learning_rate": 1e-05, "epoch": 100, "batch_size": 256, "loss_func": "MeanSquaredError", "optimizer": "Adam"}, "data_distribution": {"positive": 358181, "negative": 51531, "training_pos": 322362, "training_neg": 25765}, "data_example": {"influencer": {"id": {"0": 1723, "1": 82, "2": 296, "3": 127, "4": 137}, "insta_follower": {"0": "HIGH", "1": "HIGH", "2": "HIGH", "3": "HIGH", "4": "HIGH"}, "tiktok": {"0": "HIGH", "1": "HIGH", "2": "HIGH", "3": "HIGH", "4": "HIGH"}, "youtube": {"0": "HIGH", "1": "HIGH", "2": "HIGH", "3": "HIGH", "4": "HIGH"}, "categories": {"0": "Drama,Romance,School,Supernatural", "1": "Action,Adventure,Drama,Fantasy,Shounen", "2": "Action,Comedy,Sci-Fi,Shounen", "3": "Sci-Fi", "4": "Action,Comedy,Sci-Fi,Shounen"}, "price_category": {"0": "HIGH", "1": "HIGH", "2": "HIGH", "3": "HIGH", "4": "HIGH"}}, "owner": {"id": {"0": 1, "1": 2, "2": 3, "3": 4, "4": 5}, "price_category_HIGH": {"0": 0.545, "1": 0.4623343465045593, "2": 0.585529411764706, "3": 0.7099512195121951, "4": 0.6174090909090909}, "price_category_LOW": {"0": 0.0, "1": 0.03248632218844985, "2": 0.0, "3": 0.0, "4": 0.0}, "price_category_MEDIUM": {"0": 0.2955, "1": 0.3828693009118541, "2": 0.29717647058823526, "3": 0.11482926829268293, "4": 0.19799999999999998}, "Action": {"0": 0.30900000000000005, "1": 0.3767294832826748, "2": 0.26235294117647057, "3": 0.6266341463414634, "4": 0.2854090909090909}, "Adventure": {"0": 0.0, "1": 0.18511854103343467, "2": 0.22047058823529414, "3": 0.2646829268292683, "4": 0.14181818181818182}, "Comedy": {"0": 0.37450000000000006, "1": 0.41730091185410334, "2": 0.5304705882352941, "3": 0.38995121951219514, "4": 0.4345909090909091}, "Drama": {"0": 0.5415, "1": 0.20017021276595742, "2": 0.24647058823529414, "3": 0.13580487804878047, "4": 0.21990909090909092}, "Fantasy": {"0": 0.21600000000000003, "1": 0.2516231003039514, "2": 0.23976470588235296, "3": 0.3269268292682927, "4": 0.17700000000000002}, "Romance": {"0": 0.4345, "1": 0.2527537993920973, "2": 0.25470588235294117, "3": 0.30624390243902444, "4": 0.2242727272727273}, "School": {"0": 0.406, "1": 0.20773252279635257, "2": 0.1983529411764706, "3": 0.09551219512195123, "4": 0.265}, "Sci-Fi": {"0": 0.0, "1": 0.11555015197568388, "2": 0.10552941176470589, "3": 0.18370731707317073, "4": 0.12168181818181818}, "Shounen": {"0": 0.0, "1": 0.28896048632218846, "2": 0.15400000000000003, "3": 0.31258536585365854, "4": 0.1356818181818182}, "Supernatural": {"0": 0.4405, "1": 0.24667477203647417, "2": 0.19070588235294117, "3": 0.38321951219512196, "4": 0.2726818181818182}, "youtube_HIGH": {"0": 0.8405, "1": 0.7820182370820669, "2": 0.8311764705882353, "3": 0.8056585365853659, "4": 0.8066818181818182}, "youtube_LOW": {"0": 0.0, "1": 0.0, "2": 0.0, "3": 0.0, "4": 0.0}, "youtube_MEDIUM": {"0": 0.0, "1": 0.09567173252279634, "2": 0.05152941176470588, "3": 0.019121951219512195, "4": 0.008727272727272728}, "tiktok_HIGH": {"0": 0.8405, "1": 0.8096170212765956, "2": 0.8827058823529412, "3": 0.8056585365853659, "4": 0.8066818181818182}, "tiktok_LOW": {"0": 0.0, "1": 0.0, "2": 0.0, "3": 0.0, "4": 0.0}, "tiktok_MEDIUM": {"0": 0.0, "1": 0.06807294832826748, "2": 0.0, "3": 0.019121951219512195, "4": 0.008727272727272728}, "insta_follower_HIGH": {"0": 0.8405, "1": 0.5805106382978723, "2": 0.6100000000000001, "3": 0.8056585365853659, "4": 0.7364999999999999}, "insta_follower_LOW": {"0": 0.0, "1": 0.0, "2": 0.0, "3": 0.0, "4": 0.0}, "insta_follower_MEDIUM": {"0": 0.0, "1": 0.2971793313069909, "2": 0.2727058823529412, "3": 0.019121951219512195, "4": 0.07890909090909091}}, "history": {"own_id": {"0": 1, "1": 1, "2": 1, "3": 1, "4": 1}, "inf_id": {"0": 1, "1": 3, "2": 5, "3": 6, "4": 7}, "combined_rating": {"0": 0.808, "1": 0.5840000000000001, "2": 0.972, "3": 1.0, "4": 0.776}}}, "eval": {"loss": [0.29954424500465393, 0.06059974059462547, 0.029740050435066223, 0.02332868054509163, 0.02174946293234825, 0.021144120022654533, 0.020910022780299187, 0.020748723298311234, 0.02061297930777073, 0.020527563989162445, 0.020438045263290405, 0.02033616416156292, 0.02028507925570011, 0.02021099627017975, 0.020163515582680702, 0.02008938044309616, 0.02006325125694275, 0.01998484693467617, 0.019938461482524872, 0.019870443269610405, 0.01982017420232296, 0.01976756937801838, 0.019696837291121483, 0.019594918936491013, 0.01949450932443142, 0.01934809423983097, 0.019234750419855118, 0.019089728593826294, 0.01893441192805767, 0.018797315657138824, 0.018681390210986137, 0.01857064664363861, 0.018492387607693672, 0.01841919496655464, 0.01832604967057705, 0.018214307725429535, 0.0181012861430645, 0.01808919757604599, 0.018003297969698906, 0.01793256215751171, 0.017905617132782936, 0.017781540751457214, 0.017763344570994377, 0.01765063963830471, 0.017622290179133415, 0.017546597868204117, 0.017479661852121353, 0.01745016872882843, 0.017384614795446396, 0.017346857115626335, 0.017287883907556534, 0.017217284068465233, 0.01719081588089466, 0.017136668786406517, 0.01708999276161194, 0.017044909298419952, 0.017006628215312958, 0.01693643257021904, 0.01689191535115242, 0.01687103696167469, 0.016794376075267792, 0.01675829291343689, 0.01675219088792801, 0.016694175079464912, 0.016626371070742607, 0.01658996008336544, 0.016585635021328926, 0.016514074057340622, 0.016517650336027145, 0.016461050137877464, 0.016403675079345703, 0.016373567283153534, 0.01633097603917122, 0.016300911083817482, 0.016284223645925522, 0.016215810552239418, 0.016217967495322227, 0.01616782508790493, 0.016173461452126503, 0.01611289568245411, 0.016096536070108414, 0.016083480790257454, 0.016024615615606308, 0.015999827533960342, 0.015951134264469147, 0.015889275819063187, 0.01590583100914955, 0.01591537706553936, 0.01584026962518692, 0.01584354043006897, 0.015797749161720276, 0.015811629593372345, 0.015792252495884895, 0.01575016975402832, 0.015723954886198044, 0.015662675723433495, 0.015658767893910408, 0.015654446557164192, 0.01561395451426506, 0.015622345730662346],