{"name": "recommender-model-1", "training_time": "631.5775537490845", "hyperparameter": {"learning_rate": 1e-05, "epoch": 45, "batch_size": 128, "loss_func": "MeanAbsoluteError", "optimizer": "Adam"}, "data_distribution": {"positive": 358181, "negative": 51531, "training_pos": 322362, "training_neg": 25765}, "data_example": {"influencer": {"id": {"0": 1723, "1": 82, "2": 296, "3": 127, "4": 137}, "insta_follower": {"0": 200630, "1": 793665, "2": 114262, "3": 673572, "4": 151266}, "tiktok": {"0": 197187, "1": 706740, "2": 108897, "3": 616509, "4": 137612}, "youtube": {"0": 195951, "1": 824552, "2": 81740, "3": 786151, "4": 70558}, "categories": {"0": "Drama,Romance,School,Supernatural", "1": "Action,Adventure,Drama,Fantasy,Shounen", "2": "Action,Comedy,Sci-Fi,Shounen", "3": "Sci-Fi", "4": "Action,Comedy,Sci-Fi,Shounen"}, "price_category": {"0": "HIGH", "1": "HIGH", "2": "HIGH", "3": "HIGH", "4": "HIGH"}}, "owner": {"id": {"0": 1, "1": 2, "2": 3, "3": 4, "4": 5}, "insta_follower": {"0": 0.3608375838615055, "1": 0.15828605224729128, "2": 0.2484319557517821, "3": 0.32472558744370844, "4": 0.24397140863119623}, "tiktok": {"0": 0.33707505753115363, "1": 0.1269338694047761, "2": 0.20082828096146627, "3": 0.24290275660271254, "4": 0.19440527419564935}, "youtube": {"0": 0.3922152400450205, "1": 0.16075733486461152, "2": 0.26816374049134517, "3": 0.28044124382576396, "4": 0.2521445252133714}, "HIGH": {"0": 0.545, "1": 0.4623343465045593, "2": 0.585529411764706, "3": 0.7099512195121951, "4": 0.6174090909090909}, "LOW": {"0": 0.0, "1": 0.03248632218844985, "2": 0.0, "3": 0.0, "4": 0.0}, "MEDIUM": {"0": 0.2955, "1": 0.3828693009118541, "2": 0.29717647058823526, "3": 0.11482926829268293, "4": 0.19799999999999998}, "Action": {"0": 0.30900000000000005, "1": 0.3767294832826748, "2": 0.26235294117647057, "3": 0.6266341463414634, "4": 0.2854090909090909}, "Adventure": {"0": 0.0, "1": 0.18511854103343467, "2": 0.22047058823529414, "3": 0.2646829268292683, "4": 0.14181818181818182}, "Comedy": {"0": 0.37450000000000006, "1": 0.41730091185410334, "2": 0.5304705882352941, "3": 0.38995121951219514, "4": 0.4345909090909091}, "Drama": {"0": 0.5415, "1": 0.20017021276595742, "2": 0.24647058823529414, "3": 0.13580487804878047, "4": 0.21990909090909092}, "Fantasy": {"0": 0.21600000000000003, "1": 0.2516231003039514, "2": 0.23976470588235296, "3": 0.3269268292682927, "4": 0.17700000000000002}, "Romance": {"0": 0.4345, "1": 0.2527537993920973, "2": 0.25470588235294117, "3": 0.30624390243902444, "4": 0.2242727272727273}, "School": {"0": 0.406, "1": 0.20773252279635257, "2": 0.1983529411764706, "3": 0.09551219512195123, "4": 0.265}, "Sci-Fi": {"0": 0.0, "1": 0.11555015197568388, "2": 0.10552941176470589, "3": 0.18370731707317073, "4": 0.12168181818181818}, "Shounen": {"0": 0.0, "1": 0.28896048632218846, "2": 0.15400000000000003, "3": 0.31258536585365854, "4": 0.1356818181818182}, "Supernatural": {"0": 0.4405, "1": 0.24667477203647417, "2": 0.19070588235294117, "3": 0.38321951219512196, "4": 0.2726818181818182}}, "history": {"own_id": {"0": 1, "1": 1, "2": 1, "3": 1, "4": 1}, "inf_id": {"0": 1, "1": 3, "2": 5, "3": 6, "4": 7}, "combined_rating": {"0": 0.808, "1": 0.5840000000000001, "2": 0.972, "3": 1.0, "4": 0.776}}}, "eval": {"loss": [0.13059015572071075, 0.09076879918575287, 0.08779366314411163, 0.08566656708717346, 0.08398496359586716, 0.08235136419534683, 0.08091136068105698, 0.08001652359962463, 0.07920541614294052, 0.0788140520453453, 0.07858547568321228, 0.07846544682979584, 0.0783768892288208, 0.07834233343601227, 0.07831704616546631, 0.07823240756988525, 0.07822477072477341, 0.07826966792345047, 0.07816347479820251, 0.07820112258195877, 0.07820618897676468, 0.07818323373794556, 0.07815064489841461, 0.07815419137477875, 0.07821933180093765, 0.07814999669790268, 0.0781179815530777, 0.07819490879774094, 0.07823936641216278, 0.07819953560829163, 0.07810430228710175, 0.07797349989414215, 0.07804899662733078, 0.0780453011393547, 0.07802926748991013, 0.0779711976647377, 0.07806971669197083, 0.07794277369976044, 0.07813681662082672, 0.07801592350006104, 0.07806852459907532, 0.07799538224935532, 0.07801930606365204, 0.07799173891544342, 0.07783622294664383], "mae": [0.13059015572071075, 0.09076879918575287, 0.08779366314411163, 0.08566656708717346, 0.08398496359586716, 0.08235136419534683, 0.08091136068105698, 0.08001652359962463, 0.07920541614294052, 0.0788140520453453, 0.07858547568321228, 0.07846544682979584, 0.0783768892288208, 0.07834233343601227, 0.07831704616546631, 0.07823240756988525, 0.07822477072477341, 0.07826966792345047, 0.07816347479820251, 0.07820112258195877, 0.07820618897676468, 0.07818323373794556, 0.07815064489841461, 0.07815419137477875, 0.07821933180093765, 0.07814999669790268, 0.0781179815530777, 0.07819490879774094, 0.07823936641216278, 0.07819953560829163, 0.07810430228710175, 0.07797349989414215, 0.07804899662733078, 0.0780453011393547, 0.07802926748991013, 0.0779711976647377, 0.07806971669197083, 0.07794277369976044, 0.07813681662082672, 0.07801592350006104, 0.07806852459907532, 0.07799538224935532, 0.07801930606365204, 0.07799173891544342, 0.07783622294664383], "mse": [0.03692829608917236, 0.01257480401545763, 0.011708623729646206, 0.011203684844076633, 0.010967588052153587, 0.010805620811879635, 0.010708210058510303, 0.01069197990000248, 0.010666212998330593, 0.010684884153306484, 0.010717872530221939, 0.010748468339443207, 0.010796824470162392, 0.01081068068742752, 0.01084761880338192, 0.010861488990485668, 0.010847214609384537, 0.010889962315559387, 0.010864133015275002, 0.010884949006140232, 0.01089138351380825, 0.010894562117755413, 0.010901862755417824, 0.010908774100244045, 0.01092944759875536, 0.0109145762398839, 0.010923831723630428, 0.010944168083369732, 0.010961209423840046, 0.010968642309308052, 0.010945807211101055, 0.010901720263063908, 0.010917511768639088, 0.010903239250183105, 0.010922709479928017, 0.010894740000367165, 0.010941697284579277, 0.010881160385906696, 0.010960107669234276, 0.010892527177929878, 0.010958236642181873, 0.01093984954059124, 0.010928292758762836, 0.010928201489150524, 0.010892692022025585], "val_loss": [0.181564062833786, 0.1778942495584488, 0.17788852751255035, 0.17896609008312225, 0.17856425046920776, 0.18088653683662415, 0.18032768368721008, 0.1827334761619568, 0.1834263801574707, 0.18588538467884064, 0.184885635972023, 0.18479692935943604, 0.18465617299079895, 0.18429823219776154, 0.1851198822259903, 0.18368689715862274, 0.18566592037677765, 0.18517537415027618, 0.18475154042243958, 0.18526439368724823, 0.18398664891719818, 0.1859365552663803, 0.18504944443702698, 0.18481697142124176, 0.1854299008846283, 0.18616393208503723, 0.18735729157924652, 0.18633244931697845, 0.18676668405532837, 0.1872006207704544, 0.18730922043323517, 0.18611927330493927, 0.18689687550067902, 0.18583299219608307, 0.18661585450172424, 0.18789267539978027, 0.18642857670783997, 0.18592432141304016, 0.18691043555736542, 0.18598979711532593, 0.18898987770080566, 0.1883893758058548, 0.18793551623821259, 0.18881000578403473, 0.18765348196029663],