{"name": "recommender-small-complex", "training_time": "916 days, 0:09:08.437500", "remark": "Try current best model but complex", "test_error": 0.16661326264972873, "results": {"last_loss": 0.11114062368869781, "last_mae": 0.11114062368869781, "last_mse": 0.022414613515138626, "last_val_loss": 0.16454793512821198, "last_val_mae": 0.16454793512821198, "last_val_mse": 0.05290323123335838}, "hyperparameter": {"learning_rate": 1e-05, "epoch": 100, "batch_size": 512, "loss_func": "MeanAbsoluteError", "optimizer": "Custom>Adam"}, "data_example": {"influencer": {"id": {"0": 1723, "1": 82, "2": 296, "3": 127, "4": 137}, "insta_follower": {"0": 6018900, "1": 23809950, "2": 3427860, "3": 20207160, "4": 4537980}, "tiktok": {"0": 8078640, "1": 35177250, "2": 5198670, "3": 38229630, "4": 8215080}, "youtube": {"0": 15046770, "1": 44279670, "2": 5264340, "3": 74752350, "4": 13298910}, "categories": {"0": "Category 8,Category 2", "1": "Category 4,Category 2,Category 1,Category 8,Category 6", "2": "Category 6,Category 1,Category 4,Category 5", "3": "Category 7,Category 6", "4": "Category 6,Category 1,Category 4,Category 5"}, "avg_rating": {"0": 9.37, "1": 9.26, "2": 9.25, "3": 9.17, "4": 9.16}, "pricing_LOW": {"0": 0, "1": 0, "2": 0, "3": 0, "4": 0}, "pricing_BELOW_AVG": {"0": 0, "1": 0, "2": 0, "3": 0, "4": 0}, "pricing_AVG": {"0": 1, "1": 1, "2": 1, "3": 1, "4": 1}, "pricing_ABOVE_AVG": {"0": 1, "1": 1, "2": 1, "3": 1, "4": 1}, "pricing_HIGH": {"0": 1, "1": 1, "2": 0, "3": 1, "4": 1}}, "owner": {"id": {"0": 2, "1": 13, "2": 16, "3": 30, "4": 34}, "pricing_LOW": {"0": 0.03302409638554217, "1": 0.05730076335877863, "2": 0.005260700389105059, "3": 0.04445070422535211, "4": 0.0414051724137931}, "pricing_BELOW_AVG": {"0": 0.07167469879518072, "1": 0.1357435114503817, "2": 0.01458365758754864, "3": 0.09998591549295775, "4": 0.10717241379310345}, "pricing_AVG": {"0": 0.7621566265060241, "1": 0.6236030534351145, "2": 0.7963268482490272, "3": 0.646492957746479, "4": 0.6801724137931034}, "pricing_ABOVE_AVG": {"0": 0.5095903614457832, "1": 0.36866564885496184, "2": 0.5849961089494163, "3": 0.41512676056338027, "4": 0.392301724137931}, "pricing_HIGH": {"0": 0.4333012048192771, "1": 0.286430534351145, "2": 0.4897120622568093, "3": 0.33616901408450706, "4": 0.32439655172413795}, "Category 1": {"0": 0.4255421686746988, "1": 0.4171969465648855, "2": 0.4783501945525292, "3": 0.41307042253521126, "4": 0.42674137931034484}, "Category 10": {"0": 0.0017590361445783136, "1": 0.0011297709923664121, "2": 0.004669260700389105, "3": 0.016140845070422537, "4": 0.007137931034482759}, "Category 2": {"0": 0.503987951807229, "1": 0.48345038167938936, "2": 0.5193463035019455, "3": 0.4675070422535211, "4": 0.4496206896551724}, "Category 3": {"0": 0.11318072289156626, "1": 0.07616488549618321, "2": 0.03385214007782101, "3": 0.036323943661971836, "4": 0.07032758620689655}, "Category 4": {"0": 0.4442289156626506, "1": 0.40478778625954204, "2": 0.3425525291828794, "3": 0.183, "4": 0.2918103448275862}, "Category 5": {"0": 0.5110481927710844, "1": 0.5074381679389314, "2": 0.5407003891050584, "3": 0.4546901408450704, "4": 0.30528448275862075}, "Category 6": {"0": 0.15455421686746987, "1": 0.1586381679389313, "2": 0.2098054474708171, "3": 0.18819718309859154, "4": 0.22120689655172415}, "Category 7": {"0": 0.13354216867469879, "1": 0.13467480916030536, "2": 0.15654474708171207, "3": 0.21130985915492959, "4": 0.2712155172413793}, "Category 8": {"0": 0.4305421686746988, "1": 0.4181618320610687, "2": 0.42227237354085606, "3": 0.3282816901408451, "4": 0.44451724137931037}, "Category 9": {"0": 0.016373493975903614, "1": 0.0, "2": 0.0, "3": 0.0, "4": 0.015112068965517242}, "youtube_High": {"0": 0.7511084337349397, "1": 0.5957984732824427, "2": 0.7657431906614786, "3": 0.6261408450704226, "4": 0.6507413793103448}, "youtube_Low": {"0": 0.0, "1": 0.0, "2": 0.0, "3": 0.0, "4": 0.0}, "youtube_Medium": {"0": 0.12828915662650603, "1": 0.2320854961832061, "2": 0.06409338521400779, "3": 0.1619718309859155, "4": 0.18797413793103449}, "tiktok_High": {"0": 0.6947710843373494, "1": 0.5320610687022901, "2": 0.7336498054474708, "3": 0.5713521126760563, "4": 0.6078103448275862}, "tiktok_Low": {"0": 0.0, "1": 0.0011114503816793892, "2": 0.0, "3": 0.0, "4": 0.0}, "tiktok_Medium": {"0": 0.1846265060240964, "1": 0.2947114503816794, "2": 0.09618677042801556, "3": 0.21676056338028168, "4": 0.2309051724137931}, "insta_follower_High": {"0": 0.7576626506024097, "1": 0.6329587786259542, "2": 0.799875486381323, "3": 0.6455070422535212, "4": 0.6896637931034483}, "insta_follower_Medium": {"0": 0.12173493975903615, "1": 0.19492519083969467, "2": 0.029961089494163425, "3": 0.1426056338028169, "4": 0.14905172413793102}}, "history": {"own_id": {"0": 2, "1": 2, "2": 2, "3": 2, "4": 2}, "inf_id": {"0": 12, "1": 13, "2": 14, "3": 15, "4": 16}, "star_rating": {"0": 5, "1": 4, "2": 4, "3": 4, "4": 4}, "sentiment_rating": {"0": 1.0, "1": 0.71, "2": 0.71, "3": 0.69, "4": 0.87}, "combined_rating": {"0": 1.0, "1": 0.764, "2": 0.764, "3": 0.756, "4": 0.8280000000000001}}}, "eval": {"loss": [0.7174353003501892, 0.6078340411186218, 0.49440798163414, 0.39342013001441956, 0.3122025430202484, 0.25296419858932495, 0.21119113266468048, 0.18281441926956177, 0.1624438464641571, 0.1476745754480362, 0.1376626342535019, 0.13122563064098358, 0.12693344056606293, 0.12424374371767044, 0.12273204326629639, 0.12172778695821762, 0.12119219452142715, 0.1209251806139946, 0.12059037387371063, 0.12033754587173462, 0.11984614282846451, 0.11954833567142487, 0.11924151331186295, 0.11909946799278259, 0.11872568726539612, 0.11860913038253784, 0.11826802790164948, 0.11799517273902893, 0.11791443079710007, 0.1175306886434555, 0.11736196279525757, 0.11719654500484467, 0.11679743230342865, 0.11681028455495834, 0.11646156013011932, 0.11647790670394897, 0.11592574417591095, 0.11604347825050354, 0.11574111133813858, 0.11562907695770264, 0.11526712775230408, 0.11521567404270172, 0.1150059774518013, 0.11502312123775482, 0.11473335325717926, 0.1148233488202095, 0.11449489742517471, 0.11461061984300613, 0.11435899883508682, 0.11409532278776169, 0.114100880920887, 0.11387559026479721, 0.1139298751950264, 0.11369527876377106, 0.11354848742485046, 0.11348766833543777, 0.11343827098608017, 0.1132843866944313, 0.11318245530128479, 0.1130760982632637, 0.11298749595880508, 0.11300067603588104, 0.11291228979825974, 0.11289719492197037, 0.11283254623413086, 0.11274706572294235, 0.11246513575315475, 0.11263976246118546, 0.11253959685564041, 0.11246296018362045, 0.11246319115161896, 0.11229085177183151, 0.11227346956729889, 0.11215279996395111, 0.11221595108509064, 0.11216269433498383, 0.11205025017261505, 0.11189576238393784, 0.11191658675670624, 0.11193139106035233, 0.11185171455144882, 0.11181633919477463, 0.11178439855575562, 0.11164702475070953, 0.1116747111082077, 0.1116727665066719, 0.11169178783893585, 0.11160128563642502, 0.1115531176328659, 0.11148678511381149, 0.11150264739990234, 0.11152073740959167, 0.11133135110139847, 0.11139746010303497, 0.11134883016347885, 0.11120463907718658, 0.11123435944318771, 0.11126002669334412, 0.1112290471792221, 0.11114062368869781],