{"name": "recommender-small-better-distribution-III", "training_time": "370 days, 10:55:56.014252", "remark": "Try current best model with smaller data", "test_error": 0.15395265837062308, "results": {"last_loss": 0.10388639569282532, "last_mae": 0.10388639569282532, "last_mse": 0.017998863011598587, "last_val_loss": 0.1367340087890625, "last_val_mae": 0.1367340087890625, "last_val_mse": 0.032099563628435135}, "hyperparameter": {"learning_rate": 5e-06, "epoch": 100, "batch_size": 512, "loss_func": "MeanAbsoluteError", "optimizer": "Custom>Adam"}, "data_example": {"influencer": {"id": {"0": 1723, "1": 82, "2": 296, "3": 127, "4": 137}, "insta_follower": {"0": 6018900, "1": 23809950, "2": 3427860, "3": 20207160, "4": 4537980}, "tiktok": {"0": 8078640, "1": 35177250, "2": 5198670, "3": 38229630, "4": 8215080}, "youtube": {"0": 15046770, "1": 44279670, "2": 5264340, "3": 74752350, "4": 13298910}, "categories": {"0": "Category 8,Category 2", "1": "Category 4,Category 2,Category 1,Category 8,Category 6", "2": "Category 6,Category 1,Category 4,Category 5", "3": "Category 7,Category 6", "4": "Category 6,Category 1,Category 4,Category 5"}, "avg_rating": {"0": 9.37, "1": 9.26, "2": 9.25, "3": 9.17, "4": 9.16}, "pricing_LOW": {"0": 0, "1": 0, "2": 0, "3": 0, "4": 0}, "pricing_BELOW_AVG": {"0": 0, "1": 0, "2": 0, "3": 0, "4": 0}, "pricing_AVG": {"0": 1, "1": 1, "2": 1, "3": 1, "4": 1}, "pricing_ABOVE_AVG": {"0": 1, "1": 1, "2": 1, "3": 1, "4": 1}, "pricing_HIGH": {"0": 1, "1": 1, "2": 0, "3": 1, "4": 1}}, "owner": {"id": {"0": 2, "1": 13, "2": 16, "3": 30, "4": 34}, "pricing_LOW": {"0": 0.03284638554216867, "1": 0.05674045801526718, "2": 0.0052140077821011665, "3": 0.04411971830985916, "4": 0.04119612068965517}, "pricing_BELOW_AVG": {"0": 0.07137048192771084, "1": 0.1347175572519084, "2": 0.01453307392996109, "3": 0.09927816901408451, "4": 0.10637931034482759}, "pricing_AVG": {"0": 0.7579668674698795, "1": 0.6196564885496183, "2": 0.7903501945525292, "3": 0.642975352112676, "4": 0.6767241379310345}, "pricing_ABOVE_AVG": {"0": 0.506867469879518, "1": 0.36632824427480914, "2": 0.5806614785992218, "3": 0.41274647887323945, "4": 0.39048491379310346}, "pricing_HIGH": {"0": 0.4310843373493976, "1": 0.2846793893129771, "2": 0.4860700389105058, "3": 0.3342957746478873, "4": 0.3228448275862069}, "Category 1": {"0": 0.42304216867469874, "1": 0.4143206106870229, "2": 0.47498054474708173, "3": 0.41070422535211265, "4": 0.4245905172413793}, "Category 10": {"0": 0.0017469879518072291, "1": 0.0011068702290076336, "2": 0.004669260700389105, "3": 0.015950704225352115, "4": 0.007090517241379311}, "Category 2": {"0": 0.5015210843373494, "1": 0.4802671755725191, "2": 0.5157198443579766, "3": 0.4648415492957747, "4": 0.4470474137931035}, "Category 3": {"0": 0.11271084337349398, "1": 0.0754351145038168, "2": 0.03336575875486382, "3": 0.036073943661971836, "4": 0.07002155172413793}, "Category 4": {"0": 0.44218373493975904, "1": 0.4021679389312977, "2": 0.3404474708171206, "3": 0.18191901408450703, "4": 0.29062499999999997}, "Category 5": {"0": 0.508237951807229, "1": 0.5042213740458015, "2": 0.5367704280155642, "3": 0.45198943661971835, "4": 0.30391163793103454}, "Category 6": {"0": 0.1538855421686747, "1": 0.1574580152671756, "2": 0.20817120622568094, "3": 0.1871830985915493, "4": 0.21982758620689655}, "Category 7": {"0": 0.13259036144578315, "1": 0.13376335877862594, "2": 0.15521400778210118, "3": 0.20991197183098592, "4": 0.2697306034482759}, "Category 8": {"0": 0.42823795180722896, "1": 0.4156793893129771, "2": 0.41947470817120625, "3": 0.32672535211267606, "4": 0.4421767241379311}, "Category 9": {"0": 0.01625, "1": 0.0, "2": 0.0, "3": 0.0, "4": 0.015010775862068965}, "youtube_High": {"0": 0.7470180722891566, "1": 0.5920763358778626, "2": 0.7600972762645914, "3": 0.6228169014084507, "4": 0.6474784482758621}, "youtube_Low": {"0": 0.0, "1": 0.0, "2": 0.0, "3": 0.0, "4": 0.0}, "youtube_Medium": {"0": 0.1278313253012048, "1": 0.2302595419847328, "2": 0.06357976653696498, "3": 0.16073943661971832, "4": 0.18658405172413794}, "tiktok_High": {"0": 0.6910542168674699, "1": 0.5288167938931297, "2": 0.7281517509727626, "3": 0.5682394366197183, "4": 0.6046982758620689}, "tiktok_Low": {"0": 0.0, "1": 0.001083969465648855, "2": 0.0, "3": 0.0, "4": 0.0}, "tiktok_Medium": {"0": 0.18379518072289158, "1": 0.2924351145038168, "2": 0.09552529182879378, "3": 0.2153169014084507, "4": 0.22936422413793103}, "insta_follower_High": {"0": 0.7535542168674699, "1": 0.6289083969465649, "2": 0.7938132295719844, "3": 0.641919014084507, "4": 0.6861099137931035}, "insta_follower_Medium": {"0": 0.12129518072289158, "1": 0.19342748091603054, "2": 0.029863813229571986, "3": 0.14163732394366196, "4": 0.14795258620689655}}, "history": {"own_id": {"0": 2, "1": 2, "2": 2, "3": 2, "4": 2}, "inf_id": {"0": 12, "1": 13, "2": 14, "3": 15, "4": 16}, "star_rating": {"0": 5, "1": 4, "2": 4, "3": 4, "4": 4}, "sentiment_rating": {"0": 1.0, "1": 0.71, "2": 0.71, "3": 0.69, "4": 0.87}, "combined_rating": {"0": 1.0, "1": 0.755, "2": 0.755, "3": 0.745, "4": 0.835}}}, "eval": {"loss": [0.10459272563457489, 0.10458406805992126, 0.10460647195577621, 0.10456842929124832, 0.10459734499454498, 0.10468538850545883, 0.10447371751070023, 0.10473271459341049, 0.10446517169475555, 0.10457520931959152, 0.10467412322759628, 0.10447707027196884, 0.10454490035772324, 0.10443947464227676, 0.10449056327342987, 0.10443822294473648, 0.10455477982759476, 0.10455430299043655, 0.10449422895908356, 0.1044694110751152, 0.1044028028845787, 0.104401133954525, 0.10437136143445969, 0.10445033758878708, 0.10446228832006454, 0.10437889397144318, 0.10439444333314896, 0.10437334328889847, 0.1043797954916954, 0.10431291162967682, 0.10442465543746948, 0.1043526828289032, 0.10434894263744354, 0.10438106209039688, 0.10430055856704712, 0.10443484783172607, 0.10443264245986938, 0.10431165248155594, 0.10419850796461105, 0.10430091619491577, 0.10424097627401352, 0.10436931997537613, 0.10436476022005081, 0.10430047661066055, 0.10428677499294281, 0.10422074049711227, 0.10430896282196045, 0.10415349900722504, 0.10422549396753311, 0.10408315807580948, 0.10425060987472534, 0.1041194275021553, 0.10412322729825974, 0.10418609529733658, 0.10414597392082214, 0.10420678555965424, 0.10409313440322876, 0.10416436940431595, 0.10425806045532227, 0.10426715016365051, 0.10419824719429016, 0.10426671802997589, 0.10390891134738922, 0.10402598977088928, 0.10413569957017899, 0.10414400696754456, 0.10414416342973709, 0.1040758490562439, 0.10405415296554565, 0.10399790108203888, 0.10409416258335114, 0.10410080850124359, 0.10403118282556534, 0.10409768670797348, 0.10408207029104233, 0.10401863604784012, 0.10398775339126587, 0.1041095033288002, 0.10399258881807327, 0.10408579558134079, 0.10387515276670456, 0.10388321429491043, 0.10400108247995377, 0.10387756675481796, 0.10390909761190414, 0.10393696278333664, 0.10412824898958206, 0.10391934961080551, 0.1038191169500351, 0.10386963188648224, 0.10386352986097336, 0.10386322438716888, 0.10393361747264862, 0.10387229919433594, 0.10392717272043228, 0.10387662053108215, 0.10390683263540268, 0.10394778102636337, 0.10389664769172668, 0.10388639569282532],