{"name": "recommender-small-simple", "training_time": "114 days, 20:29:21.547852", "remark": "Try current best model but simple", "test_error": 0.16154240194324915, "results": {"last_loss": 0.1056722030043602, "last_mae": 0.1056722030043602, "last_mse": 0.019853737205266953, "last_val_loss": 0.1527870148420334, "last_val_mae": 0.1527870148420334, "last_val_mse": 0.04666336625814438}, "hyperparameter": {"learning_rate": 1e-05, "epoch": 100, "batch_size": 512, "loss_func": "MeanAbsoluteError", "optimizer": "Custom>Adam"}, "data_example": {"influencer": {"id": {"0": 1723, "1": 82, "2": 296, "3": 127, "4": 137}, "insta_follower": {"0": 6018900, "1": 23809950, "2": 3427860, "3": 20207160, "4": 4537980}, "tiktok": {"0": 8078640, "1": 35177250, "2": 5198670, "3": 38229630, "4": 8215080}, "youtube": {"0": 15046770, "1": 44279670, "2": 5264340, "3": 74752350, "4": 13298910}, "categories": {"0": "Category 8,Category 2", "1": "Category 4,Category 2,Category 1,Category 8,Category 6", "2": "Category 6,Category 1,Category 4,Category 5", "3": "Category 7,Category 6", "4": "Category 6,Category 1,Category 4,Category 5"}, "avg_rating": {"0": 9.37, "1": 9.26, "2": 9.25, "3": 9.17, "4": 9.16}, "pricing_LOW": {"0": 0, "1": 0, "2": 0, "3": 0, "4": 0}, "pricing_BELOW_AVG": {"0": 0, "1": 0, "2": 0, "3": 0, "4": 0}, "pricing_AVG": {"0": 1, "1": 1, "2": 1, "3": 1, "4": 1}, "pricing_ABOVE_AVG": {"0": 1, "1": 1, "2": 1, "3": 1, "4": 1}, "pricing_HIGH": {"0": 1, "1": 1, "2": 0, "3": 1, "4": 1}}, "owner": {"id": {"0": 2, "1": 13, "2": 16, "3": 30, "4": 34}, "pricing_LOW": {"0": 0.03302409638554217, "1": 0.05730076335877863, "2": 0.005260700389105059, "3": 0.04445070422535211, "4": 0.0414051724137931}, "pricing_BELOW_AVG": {"0": 0.07167469879518072, "1": 0.1357435114503817, "2": 0.01458365758754864, "3": 0.09998591549295775, "4": 0.10717241379310345}, "pricing_AVG": {"0": 0.7621566265060241, "1": 0.6236030534351145, "2": 0.7963268482490272, "3": 0.646492957746479, "4": 0.6801724137931034}, "pricing_ABOVE_AVG": {"0": 0.5095903614457832, "1": 0.36866564885496184, "2": 0.5849961089494163, "3": 0.41512676056338027, "4": 0.392301724137931}, "pricing_HIGH": {"0": 0.4333012048192771, "1": 0.286430534351145, "2": 0.4897120622568093, "3": 0.33616901408450706, "4": 0.32439655172413795}, "Category 1": {"0": 0.4255421686746988, "1": 0.4171969465648855, "2": 0.4783501945525292, "3": 0.41307042253521126, "4": 0.42674137931034484}, "Category 10": {"0": 0.0017590361445783136, "1": 0.0011297709923664121, "2": 0.004669260700389105, "3": 0.016140845070422537, "4": 0.007137931034482759}, "Category 2": {"0": 0.503987951807229, "1": 0.48345038167938936, "2": 0.5193463035019455, "3": 0.4675070422535211, "4": 0.4496206896551724}, "Category 3": {"0": 0.11318072289156626, "1": 0.07616488549618321, "2": 0.03385214007782101, "3": 0.036323943661971836, "4": 0.07032758620689655}, "Category 4": {"0": 0.4442289156626506, "1": 0.40478778625954204, "2": 0.3425525291828794, "3": 0.183, "4": 0.2918103448275862}, "Category 5": {"0": 0.5110481927710844, "1": 0.5074381679389314, "2": 0.5407003891050584, "3": 0.4546901408450704, "4": 0.30528448275862075}, "Category 6": {"0": 0.15455421686746987, "1": 0.1586381679389313, "2": 0.2098054474708171, "3": 0.18819718309859154, "4": 0.22120689655172415}, "Category 7": {"0": 0.13354216867469879, "1": 0.13467480916030536, "2": 0.15654474708171207, "3": 0.21130985915492959, "4": 0.2712155172413793}, "Category 8": {"0": 0.4305421686746988, "1": 0.4181618320610687, "2": 0.42227237354085606, "3": 0.3282816901408451, "4": 0.44451724137931037}, "Category 9": {"0": 0.016373493975903614, "1": 0.0, "2": 0.0, "3": 0.0, "4": 0.015112068965517242}, "youtube_High": {"0": 0.7511084337349397, "1": 0.5957984732824427, "2": 0.7657431906614786, "3": 0.6261408450704226, "4": 0.6507413793103448}, "youtube_Low": {"0": 0.0, "1": 0.0, "2": 0.0, "3": 0.0, "4": 0.0}, "youtube_Medium": {"0": 0.12828915662650603, "1": 0.2320854961832061, "2": 0.06409338521400779, "3": 0.1619718309859155, "4": 0.18797413793103449}, "tiktok_High": {"0": 0.6947710843373494, "1": 0.5320610687022901, "2": 0.7336498054474708, "3": 0.5713521126760563, "4": 0.6078103448275862}, "tiktok_Low": {"0": 0.0, "1": 0.0011114503816793892, "2": 0.0, "3": 0.0, "4": 0.0}, "tiktok_Medium": {"0": 0.1846265060240964, "1": 0.2947114503816794, "2": 0.09618677042801556, "3": 0.21676056338028168, "4": 0.2309051724137931}, "insta_follower_High": {"0": 0.7576626506024097, "1": 0.6329587786259542, "2": 0.799875486381323, "3": 0.6455070422535212, "4": 0.6896637931034483}, "insta_follower_Medium": {"0": 0.12173493975903615, "1": 0.19492519083969467, "2": 0.029961089494163425, "3": 0.1426056338028169, "4": 0.14905172413793102}}, "history": {"own_id": {"0": 2, "1": 2, "2": 2, "3": 2, "4": 2}, "inf_id": {"0": 12, "1": 13, "2": 14, "3": 15, "4": 16}, "star_rating": {"0": 5, "1": 4, "2": 4, "3": 4, "4": 4}, "sentiment_rating": {"0": 1.0, "1": 0.71, "2": 0.71, "3": 0.69, "4": 0.87}, "combined_rating": {"0": 1.0, "1": 0.764, "2": 0.764, "3": 0.756, "4": 0.8280000000000001}}}, "eval": {"loss": [0.6954624652862549, 0.4729512333869934, 0.3303602337837219, 0.24853982031345367, 0.20090241730213165, 0.17320865392684937, 0.15575510263442993, 0.14517159759998322, 0.1379391849040985, 0.13351714611053467, 0.1309482902288437, 0.1286785900592804, 0.12705513834953308, 0.12573504447937012, 0.12454953789710999, 0.1235654354095459, 0.12286977469921112, 0.12201650440692902, 0.12116017937660217, 0.12053617089986801, 0.11960933357477188, 0.11911437660455704, 0.11857780814170837, 0.11773978173732758, 0.11750359833240509, 0.11706045269966125, 0.11648963391780853, 0.1161184161901474, 0.11545652151107788, 0.11541102081537247, 0.1147666722536087, 0.1143907755613327, 0.11406148225069046, 0.11372619867324829, 0.11341238766908646, 0.11316270381212234, 0.11297479271888733, 0.11250921338796616, 0.11246909946203232, 0.11214932054281235, 0.11199146509170532, 0.11186869442462921, 0.11161649227142334, 0.11148311197757721, 0.11109544336795807, 0.1110621839761734, 0.11077961325645447, 0.11068812757730484, 0.1104869544506073, 0.11038289219141006, 0.11022526025772095, 0.11019840836524963, 0.10996661335229874, 0.10965100675821304, 0.10977494716644287, 0.10959324985742569, 0.10942156612873077, 0.10940201580524445, 0.1092151626944542, 0.10920919477939606, 0.1089814305305481, 0.10890008509159088, 0.10883954912424088, 0.10868095606565475, 0.10868819057941437, 0.10859224200248718, 0.10846081376075745, 0.10838887095451355, 0.1083514541387558, 0.10822711139917374, 0.10811401903629303, 0.10797062516212463, 0.10786184668540955, 0.10784938931465149, 0.10773733258247375, 0.10763932019472122, 0.10763319581747055, 0.10741692036390305, 0.10745349526405334, 0.10733538866043091, 0.10729853063821793, 0.1071443036198616, 0.10710979998111725, 0.10705923289060593, 0.10693056136369705, 0.10678481310606003, 0.10683394968509674, 0.10672038048505783, 0.1065998375415802, 0.10656794905662537, 0.1064523383975029, 0.10635749250650406, 0.1063331663608551, 0.10626350343227386, 0.10622216761112213, 0.10606386512517929, 0.10603825002908707, 0.1059272289276123, 0.10586504638195038, 0.1056722030043602],