{"name": "recommender-small", "training_time": "320 days, 12:22:53.318481", "remark": "Try current best model with smaller data", "test_error": 0.1299170493674222, "results": {"last_loss": 0.0243613813072443, "last_mae": 0.11757030338048935, "last_mse": 0.0243613813072443, "last_val_loss": 0.023906510323286057, "last_val_mae": 0.12189222127199173, "last_val_mse": 0.023906510323286057}, "hyperparameter": {"learning_rate": 1e-05, "epoch": 100, "batch_size": 1024, "loss_func": "MeanSquaredError", "optimizer": "Custom>Adam"}, "data_example": {"influencer": {"id": {"0": 1723, "1": 82, "2": 296, "3": 127, "4": 137}, "insta_follower": {"0": 6018900, "1": 23809950, "2": 3427860, "3": 20207160, "4": 4537980}, "tiktok": {"0": 8078640, "1": 35177250, "2": 5198670, "3": 38229630, "4": 8215080}, "youtube": {"0": 15046770, "1": 44279670, "2": 5264340, "3": 74752350, "4": 13298910}, "categories": {"0": "Category 8,Category 2", "1": "Category 4,Category 2,Category 1,Category 8,Category 6", "2": "Category 6,Category 1,Category 4,Category 5", "3": "Category 7,Category 6", "4": "Category 6,Category 1,Category 4,Category 5"}, "avg_rating": {"0": 9.37, "1": 9.26, "2": 9.25, "3": 9.17, "4": 9.16}, "pricing_LOW": {"0": 0, "1": 0, "2": 0, "3": 0, "4": 0}, "pricing_BELOW_AVG": {"0": 0, "1": 0, "2": 0, "3": 0, "4": 0}, "pricing_AVG": {"0": 1, "1": 1, "2": 1, "3": 1, "4": 1}, "pricing_ABOVE_AVG": {"0": 1, "1": 1, "2": 1, "3": 1, "4": 1}, "pricing_HIGH": {"0": 1, "1": 1, "2": 0, "3": 1, "4": 1}}, "owner": {"id": {"0": 2, "1": 13, "2": 16, "3": 30, "4": 34}, "pricing_LOW": {"0": 0.03284638554216867, "1": 0.05674045801526718, "2": 0.0052140077821011665, "3": 0.04411971830985916, "4": 0.04119612068965517}, "pricing_BELOW_AVG": {"0": 0.07137048192771084, "1": 0.1347175572519084, "2": 0.01453307392996109, "3": 0.09927816901408451, "4": 0.10637931034482759}, "pricing_AVG": {"0": 0.7579668674698795, "1": 0.6196564885496183, "2": 0.7903501945525292, "3": 0.642975352112676, "4": 0.6767241379310345}, "pricing_ABOVE_AVG": {"0": 0.506867469879518, "1": 0.36632824427480914, "2": 0.5806614785992218, "3": 0.41274647887323945, "4": 0.39048491379310346}, "pricing_HIGH": {"0": 0.4310843373493976, "1": 0.2846793893129771, "2": 0.4860700389105058, "3": 0.3342957746478873, "4": 0.3228448275862069}, "Category 1": {"0": 0.42304216867469874, "1": 0.4143206106870229, "2": 0.47498054474708173, "3": 0.41070422535211265, "4": 0.4245905172413793}, "Category 10": {"0": 0.0017469879518072291, "1": 0.0011068702290076336, "2": 0.004669260700389105, "3": 0.015950704225352115, "4": 0.007090517241379311}, "Category 2": {"0": 0.5015210843373494, "1": 0.4802671755725191, "2": 0.5157198443579766, "3": 0.4648415492957747, "4": 0.4470474137931035}, "Category 3": {"0": 0.11271084337349398, "1": 0.0754351145038168, "2": 0.03336575875486382, "3": 0.036073943661971836, "4": 0.07002155172413793}, "Category 4": {"0": 0.44218373493975904, "1": 0.4021679389312977, "2": 0.3404474708171206, "3": 0.18191901408450703, "4": 0.29062499999999997}, "Category 5": {"0": 0.508237951807229, "1": 0.5042213740458015, "2": 0.5367704280155642, "3": 0.45198943661971835, "4": 0.30391163793103454}, "Category 6": {"0": 0.1538855421686747, "1": 0.1574580152671756, "2": 0.20817120622568094, "3": 0.1871830985915493, "4": 0.21982758620689655}, "Category 7": {"0": 0.13259036144578315, "1": 0.13376335877862594, "2": 0.15521400778210118, "3": 0.20991197183098592, "4": 0.2697306034482759}, "Category 8": {"0": 0.42823795180722896, "1": 0.4156793893129771, "2": 0.41947470817120625, "3": 0.32672535211267606, "4": 0.4421767241379311}, "Category 9": {"0": 0.01625, "1": 0.0, "2": 0.0, "3": 0.0, "4": 0.015010775862068965}, "youtube_High": {"0": 0.7470180722891566, "1": 0.5920763358778626, "2": 0.7600972762645914, "3": 0.6228169014084507, "4": 0.6474784482758621}, "youtube_Low": {"0": 0.0, "1": 0.0, "2": 0.0, "3": 0.0, "4": 0.0}, "youtube_Medium": {"0": 0.1278313253012048, "1": 0.2302595419847328, "2": 0.06357976653696498, "3": 0.16073943661971832, "4": 0.18658405172413794}, "tiktok_High": {"0": 0.6910542168674699, "1": 0.5288167938931297, "2": 0.7281517509727626, "3": 0.5682394366197183, "4": 0.6046982758620689}, "tiktok_Low": {"0": 0.0, "1": 0.001083969465648855, "2": 0.0, "3": 0.0, "4": 0.0}, "tiktok_Medium": {"0": 0.18379518072289158, "1": 0.2924351145038168, "2": 0.09552529182879378, "3": 0.2153169014084507, "4": 0.22936422413793103}, "insta_follower_High": {"0": 0.7535542168674699, "1": 0.6289083969465649, "2": 0.7938132295719844, "3": 0.641919014084507, "4": 0.6861099137931035}, "insta_follower_Medium": {"0": 0.12129518072289158, "1": 0.19342748091603054, "2": 0.029863813229571986, "3": 0.14163732394366196, "4": 0.14795258620689655}}, "history": {"own_id": {"0": 2, "1": 2, "2": 2, "3": 2, "4": 2}, "inf_id": {"0": 12, "1": 13, "2": 14, "3": 15, "4": 16}, "star_rating": {"0": 5, "1": 4, "2": 4, "3": 4, "4": 4}, "sentiment_rating": {"0": 1.0, "1": 0.71, "2": 0.71, "3": 0.69, "4": 0.87}, "combined_rating": {"0": 1.0, "1": 0.755, "2": 0.755, "3": 0.745, "4": 0.835}}}, "eval": {"loss": [0.556602954864502, 0.4006083011627197, 0.2890608012676239, 0.2129826694726944, 0.1604420393705368, 0.1244887262582779, 0.09907741099596024, 0.08092649281024933, 0.06818032264709473, 0.058448657393455505, 0.05133320018649101, 0.04587937146425247, 0.04190976172685623, 0.038759008049964905, 0.03628639504313469, 0.03439943119883537, 0.03289864957332611, 0.03181793913245201, 0.030874373391270638, 0.03019418939948082, 0.029629085212945938, 0.02923540025949478, 0.028878668323159218, 0.028569340705871582, 0.028406897559762, 0.02814929001033306, 0.02800721675157547, 0.02774462103843689, 0.027792276814579964, 0.027635052800178528, 0.027543429285287857, 0.027447529137134552, 0.02744392305612564, 0.02735297568142414, 0.027291029691696167, 0.027224410325288773, 0.02706848457455635, 0.026982152834534645, 0.026936575770378113, 0.026926741003990173, 0.02691786177456379, 0.02676374837756157, 0.026751337572932243, 0.026716874912381172, 0.026642387732863426, 0.0265810526907444, 0.026554634794592857, 0.026476332917809486, 0.026437973603606224, 0.02639063633978367, 0.02631840668618679, 0.026347046718001366, 0.0262716393917799, 0.026216961443424225, 0.026153745129704475, 0.02609776146709919, 0.02609037049114704, 0.026084717363119125, 0.025993674993515015, 0.025940053164958954, 0.025949466973543167, 0.025899482890963554, 0.025895006954669952, 0.02581213414669037, 0.025772452354431152, 0.02576223760843277, 0.025756314396858215, 0.025743525475263596, 0.025724640116095543, 0.02574070729315281, 0.02564270980656147, 0.025646191090345383, 0.02556828036904335, 0.02556401491165161, 0.025556160137057304, 0.02548566833138466, 0.02547847107052803, 0.025439072400331497, 0.02541266940534115, 0.025387991219758987, 0.02538532391190529, 0.02532624639570713, 0.02534734271466732, 0.025267284363508224, 0.025247318670153618, 0.02522989921271801, 0.025187034159898758, 0.025156529620289803, 0.025108471512794495, 0.02504822611808777, 0.025008276104927063, 0.024981476366519928, 0.02493012137711048, 0.024815324693918228, 0.02479320764541626, 0.02474382519721985, 0.024681853130459785, 0.024580055847764015, 0.024466169998049736, 0.0243613813072443],