{"name": "recommender-small-better-distribution", "training_time": "355 days, 10:35:30.310822", "remark": "Try current best model with smaller data", "test_error": 0.1518755430964592, "results": {"last_loss": 0.1120668426156044, "last_mae": 0.1120668426156044, "last_mse": 0.022000014781951904, "last_val_loss": 0.15121492743492126, "last_val_mae": 0.15121492743492126, "last_val_mse": 0.04368048161268234}, "hyperparameter": {"learning_rate": 1e-05, "epoch": 100, "batch_size": 512, "loss_func": "MeanAbsoluteError", "optimizer": "Custom>Adam"}, "data_example": {"influencer": {"id": {"0": 1723, "1": 82, "2": 296, "3": 127, "4": 137}, "insta_follower": {"0": 6018900, "1": 23809950, "2": 3427860, "3": 20207160, "4": 4537980}, "tiktok": {"0": 8078640, "1": 35177250, "2": 5198670, "3": 38229630, "4": 8215080}, "youtube": {"0": 15046770, "1": 44279670, "2": 5264340, "3": 74752350, "4": 13298910}, "categories": {"0": "Category 8,Category 2", "1": "Category 4,Category 2,Category 1,Category 8,Category 6", "2": "Category 6,Category 1,Category 4,Category 5", "3": "Category 7,Category 6", "4": "Category 6,Category 1,Category 4,Category 5"}, "avg_rating": {"0": 9.37, "1": 9.26, "2": 9.25, "3": 9.17, "4": 9.16}, "pricing_LOW": {"0": 0, "1": 0, "2": 0, "3": 0, "4": 0}, "pricing_BELOW_AVG": {"0": 0, "1": 0, "2": 0, "3": 0, "4": 0}, "pricing_AVG": {"0": 1, "1": 1, "2": 1, "3": 1, "4": 1}, "pricing_ABOVE_AVG": {"0": 1, "1": 1, "2": 1, "3": 1, "4": 1}, "pricing_HIGH": {"0": 1, "1": 1, "2": 0, "3": 1, "4": 1}}, "owner": {"id": {"0": 2, "1": 13, "2": 16, "3": 30, "4": 34}, "pricing_LOW": {"0": 0.03284638554216867, "1": 0.05674045801526718, "2": 0.0052140077821011665, "3": 0.04411971830985916, "4": 0.04119612068965517}, "pricing_BELOW_AVG": {"0": 0.07137048192771084, "1": 0.1347175572519084, "2": 0.01453307392996109, "3": 0.09927816901408451, "4": 0.10637931034482759}, "pricing_AVG": {"0": 0.7579668674698795, "1": 0.6196564885496183, "2": 0.7903501945525292, "3": 0.642975352112676, "4": 0.6767241379310345}, "pricing_ABOVE_AVG": {"0": 0.506867469879518, "1": 0.36632824427480914, "2": 0.5806614785992218, "3": 0.41274647887323945, "4": 0.39048491379310346}, "pricing_HIGH": {"0": 0.4310843373493976, "1": 0.2846793893129771, "2": 0.4860700389105058, "3": 0.3342957746478873, "4": 0.3228448275862069}, "Category 1": {"0": 0.42304216867469874, "1": 0.4143206106870229, "2": 0.47498054474708173, "3": 0.41070422535211265, "4": 0.4245905172413793}, "Category 10": {"0": 0.0017469879518072291, "1": 0.0011068702290076336, "2": 0.004669260700389105, "3": 0.015950704225352115, "4": 0.007090517241379311}, "Category 2": {"0": 0.5015210843373494, "1": 0.4802671755725191, "2": 0.5157198443579766, "3": 0.4648415492957747, "4": 0.4470474137931035}, "Category 3": {"0": 0.11271084337349398, "1": 0.0754351145038168, "2": 0.03336575875486382, "3": 0.036073943661971836, "4": 0.07002155172413793}, "Category 4": {"0": 0.44218373493975904, "1": 0.4021679389312977, "2": 0.3404474708171206, "3": 0.18191901408450703, "4": 0.29062499999999997}, "Category 5": {"0": 0.508237951807229, "1": 0.5042213740458015, "2": 0.5367704280155642, "3": 0.45198943661971835, "4": 0.30391163793103454}, "Category 6": {"0": 0.1538855421686747, "1": 0.1574580152671756, "2": 0.20817120622568094, "3": 0.1871830985915493, "4": 0.21982758620689655}, "Category 7": {"0": 0.13259036144578315, "1": 0.13376335877862594, "2": 0.15521400778210118, "3": 0.20991197183098592, "4": 0.2697306034482759}, "Category 8": {"0": 0.42823795180722896, "1": 0.4156793893129771, "2": 0.41947470817120625, "3": 0.32672535211267606, "4": 0.4421767241379311}, "Category 9": {"0": 0.01625, "1": 0.0, "2": 0.0, "3": 0.0, "4": 0.015010775862068965}, "youtube_High": {"0": 0.7470180722891566, "1": 0.5920763358778626, "2": 0.7600972762645914, "3": 0.6228169014084507, "4": 0.6474784482758621}, "youtube_Low": {"0": 0.0, "1": 0.0, "2": 0.0, "3": 0.0, "4": 0.0}, "youtube_Medium": {"0": 0.1278313253012048, "1": 0.2302595419847328, "2": 0.06357976653696498, "3": 0.16073943661971832, "4": 0.18658405172413794}, "tiktok_High": {"0": 0.6910542168674699, "1": 0.5288167938931297, "2": 0.7281517509727626, "3": 0.5682394366197183, "4": 0.6046982758620689}, "tiktok_Low": {"0": 0.0, "1": 0.001083969465648855, "2": 0.0, "3": 0.0, "4": 0.0}, "tiktok_Medium": {"0": 0.18379518072289158, "1": 0.2924351145038168, "2": 0.09552529182879378, "3": 0.2153169014084507, "4": 0.22936422413793103}, "insta_follower_High": {"0": 0.7535542168674699, "1": 0.6289083969465649, "2": 0.7938132295719844, "3": 0.641919014084507, "4": 0.6861099137931035}, "insta_follower_Medium": {"0": 0.12129518072289158, "1": 0.19342748091603054, "2": 0.029863813229571986, "3": 0.14163732394366196, "4": 0.14795258620689655}}, "history": {"own_id": {"0": 2, "1": 2, "2": 2, "3": 2, "4": 2}, "inf_id": {"0": 12, "1": 13, "2": 14, "3": 15, "4": 16}, "star_rating": {"0": 5, "1": 4, "2": 4, "3": 4, "4": 4}, "sentiment_rating": {"0": 1.0, "1": 0.71, "2": 0.71, "3": 0.69, "4": 0.87}, "combined_rating": {"0": 1.0, "1": 0.755, "2": 0.755, "3": 0.745, "4": 0.835}}}, "eval": {"loss": [0.6757969260215759, 0.47930851578712463, 0.33232593536376953, 0.23903261125087738, 0.18637175858020782, 0.15641900897026062, 0.13996942341327667, 0.13081322610378265, 0.1264207810163498, 0.12387895584106445, 0.1225782036781311, 0.12175796180963516, 0.1211404874920845, 0.12059587240219116, 0.12025891989469528, 0.11971036344766617, 0.1193913146853447, 0.11901543289422989, 0.1186508908867836, 0.11828639358282089, 0.11792293190956116, 0.11777668446302414, 0.11740128695964813, 0.11712730675935745, 0.11688996851444244, 0.1165904700756073, 0.11651516705751419, 0.11625903099775314, 0.11598078906536102, 0.1158451959490776, 0.11565174907445908, 0.11546240001916885, 0.11541581898927689, 0.11526494473218918, 0.11513756960630417, 0.11502373963594437, 0.11503864079713821, 0.11472862958908081, 0.11461702734231949, 0.11457885801792145, 0.114474356174469, 0.11448252946138382, 0.11438028514385223, 0.11427567899227142, 0.11420178413391113, 0.11420556902885437, 0.11411776393651962, 0.11398015916347504, 0.11388856172561646, 0.1138700321316719, 0.1139058768749237, 0.11374550312757492, 0.11368745565414429, 0.11361619830131531, 0.11357898265123367, 0.11361955851316452, 0.11358792334794998, 0.1135094091296196, 0.11344955116510391, 0.1134394034743309, 0.11338219791650772, 0.11339972168207169, 0.11332950741052628, 0.11320756375789642, 0.11310416460037231, 0.11317792534828186, 0.11314436048269272, 0.11314821988344193, 0.11312174797058105, 0.11298485100269318, 0.11305375397205353, 0.11299989372491837, 0.11288931965827942, 0.11293697357177734, 0.11285381764173508, 0.11283596605062485, 0.11285606771707535, 0.11280412971973419, 0.1127072423696518, 0.11276762187480927, 0.11268194764852524, 0.11257756501436234, 0.11263471096754074, 0.11259616911411285, 0.11257284879684448, 0.11256508529186249, 0.11248397082090378, 0.11251101642847061, 0.11249013245105743, 0.11247958242893219, 0.11238905042409897, 0.11238864809274673, 0.1123557835817337, 0.11228962987661362, 0.11224647611379623, 0.11219169199466705, 0.1121407151222229, 0.11212386935949326, 0.11213609576225281, 0.1120668426156044],