{"name": "recommender-small-SMOTE", "training_time": "947 days, 4:33:53.658600", "remark": "Try current best model with smaller data", "test_error": 0.2939324104809503, "results": {"last_loss": 0.03411541134119034, "last_mae": 0.1466992348432541, "last_mse": 0.03411541134119034, "last_val_loss": 0.059124190360307693, "last_val_mae": 0.19791343808174133, "last_val_mse": 0.059124190360307693}, "hyperparameter": {"learning_rate": 1e-05, "epoch": 100, "batch_size": 512, "loss_func": "MeanSquaredError", "optimizer": "Custom>Adam"}, "data_example": {"influencer": {"id": {"0": 1723, "1": 82, "2": 296, "3": 127, "4": 137}, "insta_follower": {"0": 6018900, "1": 23809950, "2": 3427860, "3": 20207160, "4": 4537980}, "tiktok": {"0": 8078640, "1": 35177250, "2": 5198670, "3": 38229630, "4": 8215080}, "youtube": {"0": 15046770, "1": 44279670, "2": 5264340, "3": 74752350, "4": 13298910}, "categories": {"0": "Category 8,Category 2", "1": "Category 4,Category 2,Category 1,Category 8,Category 6", "2": "Category 6,Category 1,Category 4,Category 5", "3": "Category 7,Category 6", "4": "Category 6,Category 1,Category 4,Category 5"}, "avg_rating": {"0": 9.37, "1": 9.26, "2": 9.25, "3": 9.17, "4": 9.16}, "pricing_LOW": {"0": 0, "1": 0, "2": 0, "3": 0, "4": 0}, "pricing_BELOW_AVG": {"0": 0, "1": 0, "2": 0, "3": 0, "4": 0}, "pricing_AVG": {"0": 1, "1": 1, "2": 1, "3": 1, "4": 1}, "pricing_ABOVE_AVG": {"0": 1, "1": 1, "2": 1, "3": 1, "4": 1}, "pricing_HIGH": {"0": 1, "1": 1, "2": 0, "3": 1, "4": 1}}, "owner": {"id": {"0": 2, "1": 13, "2": 16, "3": 30, "4": 34}, "pricing_LOW": {"0": 0.03284638554216867, "1": 0.05674045801526718, "2": 0.0052140077821011665, "3": 0.04411971830985916, "4": 0.04119612068965517}, "pricing_BELOW_AVG": {"0": 0.07137048192771084, "1": 0.1347175572519084, "2": 0.01453307392996109, "3": 0.09927816901408451, "4": 0.10637931034482759}, "pricing_AVG": {"0": 0.7579668674698795, "1": 0.6196564885496183, "2": 0.7903501945525292, "3": 0.642975352112676, "4": 0.6767241379310345}, "pricing_ABOVE_AVG": {"0": 0.506867469879518, "1": 0.36632824427480914, "2": 0.5806614785992218, "3": 0.41274647887323945, "4": 0.39048491379310346}, "pricing_HIGH": {"0": 0.4310843373493976, "1": 0.2846793893129771, "2": 0.4860700389105058, "3": 0.3342957746478873, "4": 0.3228448275862069}, "Category 1": {"0": 0.42304216867469874, "1": 0.4143206106870229, "2": 0.47498054474708173, "3": 0.41070422535211265, "4": 0.4245905172413793}, "Category 10": {"0": 0.0017469879518072291, "1": 0.0011068702290076336, "2": 0.004669260700389105, "3": 0.015950704225352115, "4": 0.007090517241379311}, "Category 2": {"0": 0.5015210843373494, "1": 0.4802671755725191, "2": 0.5157198443579766, "3": 0.4648415492957747, "4": 0.4470474137931035}, "Category 3": {"0": 0.11271084337349398, "1": 0.0754351145038168, "2": 0.03336575875486382, "3": 0.036073943661971836, "4": 0.07002155172413793}, "Category 4": {"0": 0.44218373493975904, "1": 0.4021679389312977, "2": 0.3404474708171206, "3": 0.18191901408450703, "4": 0.29062499999999997}, "Category 5": {"0": 0.508237951807229, "1": 0.5042213740458015, "2": 0.5367704280155642, "3": 0.45198943661971835, "4": 0.30391163793103454}, "Category 6": {"0": 0.1538855421686747, "1": 0.1574580152671756, "2": 0.20817120622568094, "3": 0.1871830985915493, "4": 0.21982758620689655}, "Category 7": {"0": 0.13259036144578315, "1": 0.13376335877862594, "2": 0.15521400778210118, "3": 0.20991197183098592, "4": 0.2697306034482759}, "Category 8": {"0": 0.42823795180722896, "1": 0.4156793893129771, "2": 0.41947470817120625, "3": 0.32672535211267606, "4": 0.4421767241379311}, "Category 9": {"0": 0.01625, "1": 0.0, "2": 0.0, "3": 0.0, "4": 0.015010775862068965}, "youtube_High": {"0": 0.7470180722891566, "1": 0.5920763358778626, "2": 0.7600972762645914, "3": 0.6228169014084507, "4": 0.6474784482758621}, "youtube_Low": {"0": 0.0, "1": 0.0, "2": 0.0, "3": 0.0, "4": 0.0}, "youtube_Medium": {"0": 0.1278313253012048, "1": 0.2302595419847328, "2": 0.06357976653696498, "3": 0.16073943661971832, "4": 0.18658405172413794}, "tiktok_High": {"0": 0.6910542168674699, "1": 0.5288167938931297, "2": 0.7281517509727626, "3": 0.5682394366197183, "4": 0.6046982758620689}, "tiktok_Low": {"0": 0.0, "1": 0.001083969465648855, "2": 0.0, "3": 0.0, "4": 0.0}, "tiktok_Medium": {"0": 0.18379518072289158, "1": 0.2924351145038168, "2": 0.09552529182879378, "3": 0.2153169014084507, "4": 0.22936422413793103}, "insta_follower_High": {"0": 0.7535542168674699, "1": 0.6289083969465649, "2": 0.7938132295719844, "3": 0.641919014084507, "4": 0.6861099137931035}, "insta_follower_Medium": {"0": 0.12129518072289158, "1": 0.19342748091603054, "2": 0.029863813229571986, "3": 0.14163732394366196, "4": 0.14795258620689655}}, "history": {"own_id": {"0": 2, "1": 2, "2": 2, "3": 2, "4": 2}, "inf_id": {"0": 12, "1": 13, "2": 14, "3": 15, "4": 16}, "star_rating": {"0": 5, "1": 4, "2": 4, "3": 4, "4": 4}, "sentiment_rating": {"0": 1.0, "1": 0.71, "2": 0.71, "3": 0.69, "4": 0.87}, "combined_rating": {"0": 1.0, "1": 0.755, "2": 0.755, "3": 0.745, "4": 0.835}}}, "eval": {"loss": [0.2625076174736023, 0.10620034486055374, 0.08448369055986404, 0.0810035765171051, 0.08000796288251877, 0.07902240753173828, 0.07819221913814545, 0.07708084583282471, 0.07570634037256241, 0.07372196763753891, 0.07095130532979965, 0.06921077519655228, 0.06752440333366394, 0.06464695930480957, 0.059473611414432526, 0.05416564270853996, 0.05167178064584732, 0.050102051347494125, 0.048807378858327866, 0.04769256338477135, 0.04696471244096756, 0.046147726476192474, 0.045410461723804474, 0.04471428319811821, 0.04409056529402733, 0.04349099472165108, 0.0429970920085907, 0.04254107177257538, 0.04217329993844032, 0.04169132933020592, 0.04127366468310356, 0.040829289704561234, 0.040553122758865356, 0.04020543769001961, 0.039904359728097916, 0.03970734402537346, 0.0394788421690464, 0.039157379418611526, 0.039025843143463135, 0.03881232813000679, 0.038503989577293396, 0.03841913864016533, 0.03823414444923401, 0.03812072426080704, 0.03796600177884102, 0.03785105422139168, 0.03761381655931473, 0.03753162547945976, 0.03747269883751869, 0.03731764107942581, 0.03721216320991516, 0.03710012137889862, 0.037021931260824203, 0.03689377009868622, 0.03681674227118492, 0.0367591455578804, 0.03664884716272354, 0.036556120961904526, 0.03648770600557327, 0.03633338212966919, 0.03624948486685753, 0.03618556261062622, 0.03613344207406044, 0.0360315665602684, 0.03599659726023674, 0.0358969084918499, 0.03579482436180115, 0.035769134759902954, 0.035660192370414734, 0.03563285246491432, 0.03551946207880974, 0.03550051525235176, 0.03542453050613403, 0.03532218560576439, 0.035341691225767136, 0.03519542142748833, 0.035182055085897446, 0.035121817141771317, 0.03504464402794838, 0.03498430177569389, 0.03503909334540367, 0.03486724570393562, 0.034880977123975754, 0.03474154695868492, 0.034702807664871216, 0.03475135937333107, 0.03462793678045273, 0.034612804651260376, 0.03455720469355583, 0.03448472172021866, 0.034510184079408646, 0.03442457318305969, 0.03433224558830261, 0.03436444699764252, 0.034317634999752045, 0.034253448247909546, 0.03414861857891083, 0.034201133996248245, 0.03416932001709938, 0.03411541134119034],