{"name": "recommender-aggcateg-currentbest", "training_time": "946 days, 12:26:19.744720", "remark": "Try current best model with aggregated category data", "test_error": 0.13926617964625454, "results": {"last_loss": 0.017520153895020485, "last_mae": 0.10634532570838928, "last_mse": 0.017520153895020485, "last_val_loss": 0.03273295983672142, "last_val_mae": 0.14861437678337097, "last_val_mse": 0.03273295983672142}, "hyperparameter": {"learning_rate": 1e-05, "epoch": 100, "batch_size": 512, "loss_func": "MeanSquaredError", "optimizer": "Custom>Adam"}, "data_distribution": {"positive": 358181, "negative": 51531, "training_pos": 322362, "training_neg": 25765}, "data_example": {"influencer": {"id": {"0": 1723, "1": 82, "2": 296, "3": 127, "4": 137}, "insta_follower": {"0": "HIGH", "1": "HIGH", "2": "HIGH", "3": "HIGH", "4": "HIGH"}, "tiktok": {"0": "HIGH", "1": "HIGH", "2": "HIGH", "3": "HIGH", "4": "HIGH"}, "youtube": {"0": "HIGH", "1": "HIGH", "2": "HIGH", "3": "HIGH", "4": "HIGH"}, "categories": {"0": "Drama,Romance,School,Supernatural", "1": "Action,Adventure,Drama,Fantasy,Shounen", "2": "Action,Comedy,Sci-Fi,Shounen", "3": "Sci-Fi", "4": "Action,Comedy,Sci-Fi,Shounen"}, "price_category": {"0": "HIGH", "1": "HIGH", "2": "HIGH", "3": "HIGH", "4": "HIGH"}, "avg_rating": {"0": 5.0, "1": 4.940298507, "2": 4.934871099, "3": 4.891451832, "4": 4.886024423}}, "owner": {"id": {"0": 1, "1": 2, "2": 3, "3": 4, "4": 5}, "price_category_HIGH": {"0": 0.545, "1": 0.4623343465045593, "2": 0.585529411764706, "3": 0.7099512195121951, "4": 0.6174090909090909}, "price_category_LOW": {"0": 0.0, "1": 0.03248632218844985, "2": 0.0, "3": 0.0, "4": 0.0}, "price_category_MEDIUM": {"0": 0.2955, "1": 0.3828693009118541, "2": 0.29717647058823526, "3": 0.11482926829268293, "4": 0.19799999999999998}, "Action": {"0": 0.30900000000000005, "1": 0.3767294832826748, "2": 0.26235294117647057, "3": 0.6266341463414634, "4": 0.2854090909090909}, "Adventure": {"0": 0.0, "1": 0.18511854103343467, "2": 0.22047058823529414, "3": 0.2646829268292683, "4": 0.14181818181818182}, "Comedy": {"0": 0.37450000000000006, "1": 0.41730091185410334, "2": 0.5304705882352941, "3": 0.38995121951219514, "4": 0.4345909090909091}, "Drama": {"0": 0.5415, "1": 0.20017021276595742, "2": 0.24647058823529414, "3": 0.13580487804878047, "4": 0.21990909090909092}, "Fantasy": {"0": 0.21600000000000003, "1": 0.2516231003039514, "2": 0.23976470588235296, "3": 0.3269268292682927, "4": 0.17700000000000002}, "Romance": {"0": 0.4345, "1": 0.2527537993920973, "2": 0.25470588235294117, "3": 0.30624390243902444, "4": 0.2242727272727273}, "School": {"0": 0.406, "1": 0.20773252279635257, "2": 0.1983529411764706, "3": 0.09551219512195123, "4": 0.265}, "Sci-Fi": {"0": 0.0, "1": 0.11555015197568388, "2": 0.10552941176470589, "3": 0.18370731707317073, "4": 0.12168181818181818}, "Shounen": {"0": 0.0, "1": 0.28896048632218846, "2": 0.15400000000000003, "3": 0.31258536585365854, "4": 0.1356818181818182}, "Supernatural": {"0": 0.4405, "1": 0.24667477203647417, "2": 0.19070588235294117, "3": 0.38321951219512196, "4": 0.2726818181818182}, "youtube_HIGH": {"0": 0.8405, "1": 0.7820182370820669, "2": 0.8311764705882353, "3": 0.8056585365853659, "4": 0.8066818181818182}, "youtube_LOW": {"0": 0.0, "1": 0.0, "2": 0.0, "3": 0.0, "4": 0.0}, "youtube_MEDIUM": {"0": 0.0, "1": 0.09567173252279634, "2": 0.05152941176470588, "3": 0.019121951219512195, "4": 0.008727272727272728}, "tiktok_HIGH": {"0": 0.8405, "1": 0.8096170212765956, "2": 0.8827058823529412, "3": 0.8056585365853659, "4": 0.8066818181818182}, "tiktok_LOW": {"0": 0.0, "1": 0.0, "2": 0.0, "3": 0.0, "4": 0.0}, "tiktok_MEDIUM": {"0": 0.0, "1": 0.06807294832826748, "2": 0.0, "3": 0.019121951219512195, "4": 0.008727272727272728}, "insta_follower_HIGH": {"0": 0.8405, "1": 0.5805106382978723, "2": 0.6100000000000001, "3": 0.8056585365853659, "4": 0.7364999999999999}, "insta_follower_LOW": {"0": 0.0, "1": 0.0, "2": 0.0, "3": 0.0, "4": 0.0}, "insta_follower_MEDIUM": {"0": 0.0, "1": 0.2971793313069909, "2": 0.2727058823529412, "3": 0.019121951219512195, "4": 0.07890909090909091}}, "history": {"own_id": {"0": 1, "1": 1, "2": 1, "3": 1, "4": 1}, "inf_id": {"0": 1, "1": 3, "2": 5, "3": 6, "4": 7}, "combined_rating": {"0": 0.808, "1": 0.5840000000000001, "2": 0.972, "3": 1.0, "4": 0.776}}}, "eval": {"loss": [0.3299982249736786, 0.11038342118263245, 0.05348338186740875, 0.034391723573207855, 0.0271136574447155, 0.02399689145386219, 0.022716868668794632, 0.022016678005456924, 0.021660640835762024, 0.02148246392607689, 0.021301092579960823, 0.021128112450242043, 0.021053601056337357, 0.020899590104818344, 0.02079666778445244, 0.020760592073202133, 0.020723840221762657, 0.020642148330807686, 0.020615724846720695, 0.020562799647450447, 0.020519109442830086, 0.020476600155234337, 0.020447565242648125, 0.020417125895619392, 0.02040521800518036, 0.020372334867715836, 0.020338064059615135, 0.020304717123508453, 0.020268559455871582, 0.020266050472855568, 0.02022755891084671, 0.020198451355099678, 0.020176343619823456, 0.020145956426858902, 0.020109321922063828, 0.020084062591195107, 0.020060930401086807, 0.020049257203936577, 0.020002778619527817, 0.019961180165410042, 0.019952107220888138, 0.019905390217900276, 0.01986689865589142, 0.019804632291197777, 0.019767064601182938, 0.01969064213335514, 0.019655819982290268, 0.019605349749326706, 0.019529713317751884, 0.01941714622080326, 0.019377615302801132, 0.01932855322957039, 0.01923300512135029, 0.01915005035698414, 0.019106769934296608, 0.019027454778552055, 0.01898888684809208, 0.018935255706310272, 0.01885206624865532, 0.018804123625159264, 0.018754661083221436, 0.018731633201241493, 0.018659157678484917, 0.01862095296382904, 0.01860724575817585, 0.01855285093188286, 0.018521904945373535, 0.018468091264367104, 0.018440643325448036, 0.01838972605764866, 0.01835222914814949, 0.018316010013222694, 0.018252646550536156, 0.018259413540363312, 0.0182148776948452, 0.018158558756113052, 0.01813698559999466, 0.018111838027834892, 0.018093224614858627, 0.018040485680103302, 0.01802203431725502, 0.018013907596468925, 0.01792900077998638, 0.017929697409272194, 0.0179128497838974, 0.01784871704876423, 0.0178582351654768, 0.01781180314719677, 0.0178154855966568, 0.017739200964570045, 0.017732102423906326, 0.01768052577972412, 0.017652565613389015, 0.01764647662639618, 0.017596015706658363, 0.01762685365974903, 0.017585262656211853, 0.017579738050699234, 0.017506564036011696, 0.017520153895020485],