{
  "name": "recommender-model-1",
  "training_time": "265.43674898147583",
  "hyperparameter": {
    "learning_rate": 1e-5,
    "epoch": 20,
    "batch_size": 128,
    "loss_func": "MeanAbsoluteError",
    "optimizer": "Adam"
  },
  "data_distribution": {
    "positive": 358181,
    "negative": 51531,
    "training_pos": 322362,
    "training_neg": 25765
  },
  "data_example": {
    "influencer": {
      "id": { "0": 1723, "1": 82, "2": 296, "3": 127, "4": 137 },
      "insta_follower": {
        "0": 200630,
        "1": 793665,
        "2": 114262,
        "3": 673572,
        "4": 151266
      },
      "tiktok": {
        "0": 197187,
        "1": 706740,
        "2": 108897,
        "3": 616509,
        "4": 137612
      },
      "youtube": {
        "0": 195951,
        "1": 824552,
        "2": 81740,
        "3": 786151,
        "4": 70558
      },
      "categories": {
        "0": "Drama,Romance,School,Supernatural",
        "1": "Action,Adventure,Drama,Fantasy,Shounen",
        "2": "Action,Comedy,Sci-Fi,Shounen",
        "3": "Sci-Fi",
        "4": "Action,Comedy,Sci-Fi,Shounen"
      },
      "price_category": {
        "0": "HIGH",
        "1": "HIGH",
        "2": "HIGH",
        "3": "HIGH",
        "4": "HIGH"
      }
    },
    "owner": {
      "id": { "0": 1, "1": 2, "2": 3, "3": 4, "4": 5 },
      "insta_follower": {
        "0": 0.3608375838615055,
        "1": 0.15828605224729128,
        "2": 0.2484319557517821,
        "3": 0.32472558744370844,
        "4": 0.24397140863119623
      },
      "tiktok": {
        "0": 0.33707505753115363,
        "1": 0.1269338694047761,
        "2": 0.20082828096146627,
        "3": 0.24290275660271254,
        "4": 0.19440527419564935
      },
      "youtube": {
        "0": 0.3922152400450205,
        "1": 0.16075733486461152,
        "2": 0.26816374049134517,
        "3": 0.28044124382576396,
        "4": 0.2521445252133714
      },
      "HIGH": {
        "0": 0.545,
        "1": 0.4623343465045593,
        "2": 0.585529411764706,
        "3": 0.7099512195121951,
        "4": 0.6174090909090909
      },
      "LOW": {
        "0": 0.0,
        "1": 0.03248632218844985,
        "2": 0.0,
        "3": 0.0,
        "4": 0.0
      },
      "MEDIUM": {
        "0": 0.2955,
        "1": 0.3828693009118541,
        "2": 0.29717647058823526,
        "3": 0.11482926829268293,
        "4": 0.19799999999999998
      },
      "Action": {
        "0": 0.30900000000000005,
        "1": 0.3767294832826748,
        "2": 0.26235294117647057,
        "3": 0.6266341463414634,
        "4": 0.2854090909090909
      },
      "Adventure": {
        "0": 0.0,
        "1": 0.18511854103343467,
        "2": 0.22047058823529414,
        "3": 0.2646829268292683,
        "4": 0.14181818181818182
      },
      "Comedy": {
        "0": 0.37450000000000006,
        "1": 0.41730091185410334,
        "2": 0.5304705882352941,
        "3": 0.38995121951219514,
        "4": 0.4345909090909091
      },
      "Drama": {
        "0": 0.5415,
        "1": 0.20017021276595742,
        "2": 0.24647058823529414,
        "3": 0.13580487804878047,
        "4": 0.21990909090909092
      },
      "Fantasy": {
        "0": 0.21600000000000003,
        "1": 0.2516231003039514,
        "2": 0.23976470588235296,
        "3": 0.3269268292682927,
        "4": 0.17700000000000002
      },
      "Romance": {
        "0": 0.4345,
        "1": 0.2527537993920973,
        "2": 0.25470588235294117,
        "3": 0.30624390243902444,
        "4": 0.2242727272727273
      },
      "School": {
        "0": 0.406,
        "1": 0.20773252279635257,
        "2": 0.1983529411764706,
        "3": 0.09551219512195123,
        "4": 0.265
      },
      "Sci-Fi": {
        "0": 0.0,
        "1": 0.11555015197568388,
        "2": 0.10552941176470589,
        "3": 0.18370731707317073,
        "4": 0.12168181818181818
      },
      "Shounen": {
        "0": 0.0,
        "1": 0.28896048632218846,
        "2": 0.15400000000000003,
        "3": 0.31258536585365854,
        "4": 0.1356818181818182
      },
      "Supernatural": {
        "0": 0.4405,
        "1": 0.24667477203647417,
        "2": 0.19070588235294117,
        "3": 0.38321951219512196,
        "4": 0.2726818181818182
      }
    },
    "history": {
      "own_id": { "0": 1, "1": 1, "2": 1, "3": 1, "4": 1 },
      "inf_id": { "0": 1, "1": 3, "2": 5, "3": 6, "4": 7 },
      "combined_rating": {
        "0": 0.808,
        "1": 0.5840000000000001,
        "2": 0.972,
        "3": 1.0,
        "4": 0.776
      }
    }
  },
  "eval": {
    "loss": [
      0.12011856585741043, 0.08680085837841034, 0.08363176882266998,
      0.08195514976978302, 0.08053535968065262, 0.07920877635478973,
      0.07806075364351273, 0.0771344006061554, 0.07645675539970398,
      0.0759684294462204, 0.07573772221803665, 0.0755746141076088,
      0.07540462166070938, 0.07531657069921494, 0.07520849257707596,
      0.07515639811754227, 0.07504825294017792, 0.07495170831680298,
      0.0748899057507515, 0.07491909712553024
    ],
    "mae": [
      0.12011856585741043, 0.08680085837841034, 0.08363176882266998,
      0.08195514976978302, 0.08053535968065262, 0.07920877635478973,
      0.07806075364351273, 0.0771344006061554, 0.07645675539970398,
      0.0759684294462204, 0.07573772221803665, 0.0755746141076088,
      0.07540462166070938, 0.07531657069921494, 0.07520849257707596,
      0.07515639811754227, 0.07504825294017792, 0.07495170831680298,
      0.0748899057507515, 0.07491909712553024
    ],
    "mse": [
      0.03369533270597458, 0.011526091955602169, 0.01069718413054943,
      0.010350663214921951, 0.01010940782725811, 0.009965094737708569,
      0.009864003397524357, 0.009832472540438175, 0.00982911977916956,
      0.009839076548814774, 0.009874530136585236, 0.009899049997329712,
      0.009922483935952187, 0.009923914447426796, 0.009955761954188347,
      0.009961064904928207, 0.009969491511583328, 0.009966854006052017,
      0.009992407634854317, 0.010014557279646397
    ],
    "val_loss": [
      0.18904335796833038, 0.18692263960838318, 0.18085668981075287,
      0.18102417886257172, 0.17975877225399017, 0.18089187145233154,
      0.18085257709026337, 0.17961770296096802, 0.18034949898719788,
      0.1817968785762787, 0.18083995580673218, 0.1803612858057022,
      0.1796601414680481, 0.1822797656059265, 0.18236148357391357,
      0.18332596123218536, 0.18238872289657593, 0.18142962455749512,
      0.18186677992343903, 0.18212361633777618
    ],
    "val_mae": [
      0.18904335796833038, 0.18692263960838318, 0.18085668981075287,
      0.18102417886257172, 0.17975877225399017, 0.18089187145233154,
      0.18085257709026337, 0.17961770296096802, 0.18034949898719788,
      0.1817968785762787, 0.18083995580673218, 0.1803612858057022,
      0.1796601414680481, 0.1822797656059265, 0.18236148357391357,
      0.18332596123218536, 0.18238872289657593, 0.18142962455749512,
      0.18186677992343903, 0.18212361633777618
    ],
    "val_mse": [
      0.056431617587804794, 0.05426974594593048, 0.050813592970371246,
      0.05069262161850929, 0.05019528791308403, 0.05076012760400772,
      0.05092010647058487, 0.05049053579568863, 0.050961803644895554,
      0.051770903170108795, 0.05141942575573921, 0.051191411912441254,
      0.05104898661375046, 0.05209825187921524, 0.05235404893755913,
      0.052719589322805405, 0.05230412632226944, 0.05177801102399826,
      0.05214355140924454, 0.05219602212309837
    ]
  }
}
